,LocationID,Risk Band
2899,394110,Very Critical
9382,400004,Very Critical
10032,785001,Very Critical
15870,395001,Very Critical
14809,421311,Very Critical
2755,394315,Very Critical
7630,416502,Very Critical
15496,781007,Very Critical
17661,400008,Very Critical
18435,395012,Very Critical
17467,600058,Very Critical
8133,412201,Very Critical
5128,464221,Very Critical
15491,781006,Very Critical
13294,600116,Very Critical
2962,396235,Very Critical
15375,600002,Very Critical
15642,400030,Very Critical
13717,735101,Very Critical
10057,781035,Very Critical
19594,600119,Very Critical
16592,600103,Very Critical
13287,600050,Very Critical
16768,600087,Very Critical
13260,600012,Very Critical
16773,600003,Very Critical
13724,732101,Very Critical
19018,400603,Very Critical
16770,600106,Very Critical
2058,781025,Very Critical
18872,781040,Very Critical
17074,682301,Very Critical
9410,401107,Very Critical
10073,788001,Very Critical
19020,421305,Very Critical
18206,600083,Very Critical
12861,734006,Very Critical
18094,400607,Very Critical
16772,600107,Very Critical
17749,781003,Very Critical
13238,600008,Very Critical
13250,600024,Very Critical
13289,600037,Very Critical
10426,263152,Very Critical
17751,781021,Very Critical
16766,600014,Very Critical
12867,735210,Very Critical
9468,411046,Very Critical
3761,175001,Very Critical
7797,421204,Very Critical
9794,402201,Very Critical
18211,600089,Very Critical
10407,248001,Very Critical
9414,401208,Very Critical
16594,600067,Very Critical
7796,421503,Very Critical
6224,767033,Very Critical
9855,733134,Very Critical
3578,841428,Very Critical
15195,403515,Very Critical
9765,784125,Very Critical
9088,682020,Very Critical
11326,273016,Very Critical
15498,781026,Very Critical
12927,733201,Very Critical
8102,411021,Very Critical
9804,756032,Very Critical
13262,600078,Very Critical
19431,682017,Very Critical
2030,783380,Very Critical
18527,401305,Very Critical
17954,682019,Very Critical
9377,400067,Very Critical
16771,600084,Very Critical
3426,855107,Very Critical
19437,682028,Very Critical
7758,410207,Very Critical
7750,410206,Very Critical
8750,395007,Very Critical
2065,781017,Very Critical
13252,600033,Very Critical
7601,403702,Very Critical
9411,401207,Very Critical
2172,788006,Very Critical
19297,781019,Very Critical
18991,403711,Very Critical
2905,394210,Very Critical
19591,600030,Very Critical
19201,781024,Very Critical
19514,403002,Very Critical
4685,670307,Very Critical
18387,734004,Very Critical
15494,781036,Very Critical
5584,682305,Very Critical
9358,400072,Very Critical
17019,733101,Very Critical
19295,781016,Very Critical
8100,411048,Very Critical
15653,400605,Very Critical
15488,783135,Very Critical
7634,415605,Very Critical
9834,610001,Very Critical
2200,784514,Very Critical
16769,600102,Very Critical
11496,602105,Very Critical
9407,401105,Very Critical
9378,400068,Very Critical
5802,673602,Very Critical
14736,752104,Very Critical
14562,683513,Very Critical
19522,400101,Very Critical
17284,396215,Very Critical
17839,395006,Very Critical
16589,600057,Very Critical
15692,411030,Very Critical
2061,781030,Very Critical
12929,733124,Very Critical
18786,600035,Very Critical
18076,400051,Very Critical
9462,411027,Very Critical
15688,411004,Very Critical
6481,764058,Very Critical
9196,673631,Very Critical
6079,754022,Very Critical
19524,400013,Very Critical
2035,783101,Very Critical
9373,400081,Very Critical
2066,781381,Very Critical
12743,741245,Very Critical
18994,403511,Very Critical
4691,671314,Very Critical
15629,400029,Very Critical
3428,854108,Very Critical
17399,401101,Very Critical
4658,799004,Very Critical
6447,766014,Very Critical
15659,401202,Very Critical
11580,601301,Very Critical
18785,600086,Very Critical
9798,799120,Very Critical
17634,781014,Very Critical
8854,180019,Very Critical
16071,682002,Very Critical
19301,781037,Very Critical
16876,607002,Very Critical
16537,735121,Very Critical
12937,733209,Very Critical
13256,600031,Very Critical
1886,785675,Very Critical
9142,689645,Very Critical
7647,415722,Very Critical
9362,400059,Very Critical
18280,609602,Very Critical
11264,274402,Very Critical
19061,682001,Very Critical
5558,683544,Very Critical
17214,781012,Very Critical
13274,602024,Very Critical
2084,781132,Very Critical
17946,683106,Very Critical
18209,600085,Very Critical
14255,395009,Very Critical
3627,845454,Very Critical
2970,396230,Very Critical
10397,248142,Very Critical
9394,400703,Very Critical
12286,607302,Very Critical
17953,682036,Very Critical
14171,781015,Very Critical
18935,680013,Very Critical
14509,575007,Very Critical
12812,744103,Very Critical
15743,751020,Very Critical
12813,736122,Very Critical
5502,576213,Very Critical
19001,400049,Very Critical
14776,752012,Very Critical
17400,401203,Very Critical
19533,421308,Very Critical
13275,602024,Very Critical
17211,781141,Very Critical
5999,752110,Very Critical
19530,400705,Very Critical
2222,784117,Very Critical
7801,421601,Very Critical
16066,682506,Very Critical
17660,400091,Very Critical
15493,781005,Very Critical
9364,400054,Very Critical
12869,735122,Very Critical
12830,736146,Very Critical
13119,711227,Very Critical
9391,400708,Very Critical
9076,683571,Very Critical
18098,401204,Very Critical
15601,403101,Very Critical
3569,843329,Very Critical
1905,787031,Very Critical
18092,421501,Very Critical
15657,400604,Very Critical
5827,799006,Very Critical
18089,400018,Very Critical
5940,756002,Very Critical
5840,799115,Very Critical
14609,686564,Very Critical
18218,600131,Very Critical
18274,608001,Very Critical
18924,685584,Very Critical
17602,736182,Very Critical
14785,767017,Very Critical
17109,691010,Very Critical
19011,400006,Very Critical
5680,680651,Very Critical
2163,788120,Very Critical
4698,671323,Very Critical
8744,396427,Very Critical
2973,396191,Very Critical
14634,680027,Very Critical
12938,733215,Very Critical
12875,735132,Very Critical
9095,682032,Very Critical
4669,670006,Very Critical
9094,682038,Very Critical
19512,403731,Very Critical
9398,421102,Very Critical
9376,400077,Very Critical
9096,682013,Very Critical
2091,781328,Very Critical
14206,845415,Very Critical
2108,781318,Very Critical
10563,743426,Very Critical
5681,680541,Very Critical
2067,781380,Very Critical
3371,847234,Very Critical
18057,403722,Very Critical
18871,781171,Very Critical
9384,400025,Very Critical
19602,600070,Very Critical
9132,680008,Very Critical
9393,400701,Very Critical
7938,441225,Very Critical
5678,680007,Very Critical
5943,756030,Very Critical
2127,781126,Very Critical
16067,682023,Very Critical
7942,441221,Very Critical
7673,415616,Very Critical
18473,680121,Very Critical
18073,400024,Very Critical
2028,783390,Very Critical
7761,410208,Very Critical
5992,752102,Very Critical
15635,400075,Very Critical
2063,781137,Very Critical
11268,274401,Very Critical
11301,271502,Very Critical
2198,784525,Very Critical
18064,403005,Very Critical
2202,784114,Very Critical
9359,400022,Very Critical
5725,689673,Very Critical
2034,783331,Very Critical
15073,676306,Very Critical
18084,400095,Very Critical
15643,400030,Very Critical
14635,680751,Very Critical
14599,680308,Very Critical
16088,686013,Very Critical
18082,400083,Very Critical
18208,600032,Very Critical
14341,854114,Very Critical
5750,691531,Very Critical
11570,600069,Very Critical
17772,854328,Very Critical
1895,784161,Very Critical
2134,781367,Very Critical
9383,400004,Very Critical
2032,783123,Very Critical
16775,600097,Very Critical
18534,575010,Very Critical
12935,733128,Very Critical
15641,400016,Very Critical
14193,784523,Very Critical
2136,788736,Very Critical
19518,400027,Very Critical
9395,400704,Very Critical
9469,411024,Very Critical
19531,410209,Very Critical
9157,691507,Very Critical
13983,524121,Very Critical
19541,440035,Very Critical
2033,783124,Very Critical
9761,787001,Very Critical
5948,756080,Very Critical
18464,683102,Very Critical
16777,600113,Very Critical
16262,742308,Very Critical
3921,181221,Very Critical
5617,680733,Very Critical
16964,743223,Very Critical
14169,783345,Very Critical
13959,394248,Very Critical
14955,768035,Very Critical
3918,181122,Very Critical
5657,686605,Very Critical
3688,813210,Very Critical
7660,415612,Very Critical
14140,787023,Very Critical
17145,676528,Very Critical
3910,181111,Very Critical
8746,394510,Very Critical
4130,503207,Very Critical
4873,480771,Very Critical
14803,402116,Very Critical
4980,461116,Very Critical
13644,743233,Very Critical
14265,396170,Very Critical
14164,783324,Very Critical
14179,781337,Very Critical
14208,845458,Very Critical
16590,600057,Very Critical
19013,400709,Very Critical
15079,673309,Very Critical
18212,600089,Very Critical
2135,788734,Very Critical
14672,689124,Very Critical
12928,733123,Very Critical
7663,415804,Very Critical
14610,686008,Very Critical
7335,482002,Very Critical
5670,680501,Very Critical
14636,680012,Very Critical
14136,786103,Very Critical
2186,788030,Very Critical
14648,689641,Very Critical
11559,600118,Very Critical
14807,421605,Very Critical
16776,600096,Very Critical
14808,400612,Very Critical
19448,686006,Very Critical
19428,683543,Very Critical
5679,680007,Very Critical
13958,394640,Very Critical
14701,673005,Very Critical
9078,683518,Very Critical
18486,691503,Very Critical
18472,680722,Very Critical
16052,683587,Very Critical
7648,415722,Very Critical
18873,781039,Very Critical
9091,682012,Very Critical
16163,673303,Very Critical
16131,691012,Very Critical
16105,680101,Very Critical
15646,410218,Very Critical
2007,785692,Very Critical
12943,733130,Very Critical
18919,682041,Very Critical
3332,845427,Very Critical
10070,788121,Very Critical
1973,785104,Very Critical
15196,403515,Very Critical
2089,781103,Very Critical
2075,781124,Very Critical
17275,574145,Very Critical
18999,400019,Very Critical
3686,813209,Very Critical
17750,781003,Very Critical
7746,416518,Very Critical
9569,754105,Very Critical
9396,402106,Very Critical
17085,680567,Very Critical
7756,410221,Very Critical
11497,631604,Very Critical
17753,781009,Very Critical
17937,688004,Very Critical
16186,670102,Very Critical
2166,788114,Very Critical
14560,683519,Very Critical
18346,700133,Very Critical
18990,403701,Very Critical
2183,788013,Very Critical
10564,743439,Very Critical
13869,581400,Very Critical
19509,403806,Very Critical
16111,680641,Very Critical
10055,781034,Very Critical
18088,400002,Very Critical
2099,781319,Very Critical
4742,678633,Very Critical
14553,576221,Very Critical
4714,676517,Very Critical
16094,686005,Very Critical
4708,676506,Very Critical
8743,396445,Very Critical
16540,734501,Very Critical
16547,732202,Very Critical
5585,682307,Very Critical
19532,421506,Very Critical
18213,602117,Very Critical
3320,845416,Very Critical
3450,854333,Very Critical
2104,781329,Very Critical
18118,411061,Very Critical
10074,788007,Very Critical
10178,224181,Very Critical
18477,690527,Very Critical
10087,845417,Very Critical
10765,222133,Very Critical
6113,757025,Very Critical
2197,784524,Very Critical
3419,854317,Very Critical
3318,845414,Very Critical
3420,854103,Very Critical
2209,784153,Very Critical
18335,249410,Very Critical
7766,402404,Very Critical
2077,781366,Very Critical
2129,781368,Very Critical
2160,788025,Very Critical
2060,782403,Very Critical
2046,783383,Very Critical
2125,781360,Very Critical
13648,743412,Very Critical
4018,815314,Very Critical
16355,607105,Very Critical
17755,781032,Very Critical
16596,600095,Very Critical
17752,781021,Very Critical
11265,274149,Very Critical
9113,686018,Very Critical
9547,756084,Very Critical
17747,783133,Very Critical
3555,843313,Very Critical
5697,680588,Very Critical
17655,676505,Very Critical
14157,785690,Very Critical
9400,421502,Very Critical
5618,680687,Very Critical
17773,854302,Very Critical
9232,670663,Very Critical
13954,394690,Very Critical
17285,396215,Very Critical
15644,400034,Very Critical
9366,400056,Very Critical
11230,272172,Very Critical
14175,781302,Very Critical
16593,600103,Very Critical
9387,400011,Very Critical
11297,271402,Very Critical
9399,421102,Very Critical
9089,682020,Very Critical
12826,736201,Very Critical
19490,673647,Very Critical
3922,181203,Very Critical
12814,736123,Very Critical
12893,732216,Very Critical
9372,400074,Very Critical
7752,410201,Very Critical
15492,781006,Very Critical
17929,575001,Very Critical
11957,641607,Very Critical
14799,402401,Very Critical
3762,175001,Very Critical
2900,394110,Very Critical
17662,400008,Very Critical
13259,600010,Very Critical
12931,733141,Very Critical
5921,756025,Very Critical
14661,691577,Very Critical
15631,400098,Very Critical
14638,679531,Very Critical
15884,396180,Very Critical
13290,600037,Very Critical
3633,845307,Very Critical
17218,781377,Very Critical
17216,781310,Very Critical
164,494111,Very Critical
19205,686106,Very Critical
2161,788101,Very Critical
17198,786004,Very Critical
14165,783330,Very Critical
19440,682511,Very Critical
17148,673501,Very Critical
1885,785676,Very Critical
19438,682028,Very Critical
11585,631701,Very Critical
11593,632311,Very Critical
11606,604601,Very Critical
1498,586124,Very Critical
5624,680702,Very Critical
11556,601101,Very Critical
9357,400070,Very Critical
9412,401207,Very Critical
17468,600058,Very Critical
13249,600017,Very Critical
19302,781037,Very Critical
11327,273016,Very Critical
16767,600093,Very Critical
13864,581210,Very Critical
15359,679101,Very Critical
12909,737128,Very Critical
2038,783382,Very Critical
12894,732203,Very Critical
18000,689110,Very Critical
2088,781131,Very Critical
17965,686022,Very Critical
3814,171211,Very Critical
15339,854105,Very Critical
6223,767016,Very Critical
14549,576247,Very Critical
9352,400015,Very Critical
10058,781035,Very Critical
13248,600006,Very Critical
6213,767020,Very Critical
16946,248011,Very Critical
17084,680697,Very Critical
10033,785001,Very Critical
2756,394315,Very Critical
9238,670103,Very Critical
7759,410207,Very Critical
2837,396560,Very Critical
2118,781334,Very Critical
17962,680669,Very Critical
9355,400014,Very Critical
18943,691006,Very Critical
13295,600116,Very Critical
710,534318,Very Critical
1901,787053,Very Critical
11267,274302,Very Critical
5653,686608,Very Critical
17838,395008,Very Critical
2167,788106,Very Critical
5659,690506,Very Critical
18099,401204,Very Critical
8134,412201,Very Critical
19510,403806,Very Critical
11220,272176,Very Critical
2082,781136,Very Critical
19059,686661,Very Critical
14439,181133,Very Critical
7808,401601,Very Critical
14802,402202,Very Critical
18518,403004,Very Critical
16475,273213,Very Critical
12287,607302,Very Critical
14704,670009,Very Critical
16595,600067,Very Critical
16386,610102,Very Critical
5929,756020,Very Critical
2,804423,Very Critical
12292,607303,Very Critical
8596,603105,Very Critical
10059,781129,Very Critical
7760,410203,Very Critical
18505,679582,Very Critical
6078,754037,Very Critical
18491,689109,Very Critical
9351,400012,Very Critical
17469,600120,Very Critical
12368,611002,Very Critical
14811,401301,Very Critical
13266,600022,Very Critical
14637,680614,Very Critical
5559,683544,Very Critical
2908,395013,Very Critical
18465,683102,Very Critical
2056,783337,Very Critical
16133,691512,Very Critical
4750,679303,Very Critical
16591,600060,Very Critical
6195,752045,Very Critical
10063,781304,Very Critical
2062,782402,Very Critical
15497,781007,Very Critical
15303,602025,Very Critical
19143,249203,Very Critical
4803,679573,Very Critical
15289,603106,Very Critical
18081,400089,Very Critical
2096,781305,Very Critical
5544,683516,Very Critical
14628,689624,Very Critical
19003,400042,Very Critical
5946,756036,Very Critical
2117,781138,Very Critical
15038,678583,Very Critical
5994,752103,Very Critical
10412,248013,Very Critical
5542,683579,Very Critical
15501,788103,Very Critical
15630,400029,Very Critical
15652,421505,Very Critical
13039,721424,Very Critical
5955,756023,Very Critical
18205,600020,Very Critical
1422,591108,Very Critical
7770,402301,Very Critical
12267,608002,Very Critical
4981,461331,Very Critical
15489,783389,Very Critical
15602,403101,Very Critical
2963,396235,Very Critical
18915,683515,Very Critical
18281,609602,Very Critical
3446,854325,Very Critical
7602,403702,Very Critical
9456,411012,Very Critical
18308,273008,Very Critical
3432,855114,Very Critical
17618,721438,Very Critical
17607,734015,Very Critical
1672,581384,Very Critical
3423,854106,Very Critical
1669,581319,Very Critical
17433,764085,Very Critical
6080,754022,Very Critical
9087,682018,Very Critical
10430,263126,Very Critical
2180,788009,Very Critical
16124,691602,Very Critical
16601,600045,Very Critical
16106,680101,Very Critical
17371,403710,Very Critical
19525,400017,Very Critical
18210,600085,Very Critical
1683,581344,Very Critical
18031,670104,Very Critical
18745,793011,Very Critical
18470,682007,Very Critical
2085,781132,Very Critical
16765,600005,Very Critical
7915,441206,Very Critical
3430,854113,Very Critical
4180,506165,Very Critical
18033,673311,Very Critical
7639,415706,Very Critical
17759,781133,Very Critical
2036,783334,Very Critical
17957,682010,Very Critical
11256,274204,Very Critical
8199,322212,Very Critical
17941,688528,Very Critical
10730,273404,Very Critical
2040,783129,Very Critical
9548,756039,Very Critical
16102,690104,Very Critical
9093,682015,Very Critical
12744,741245,Very Critical
12270,608601,Very Critical
16184,670643,Very Critical
17837,394515,Very Critical
16466,274603,Very Critical
16395,614712,Very Critical
16379,609108,Very Critical
4673,670622,Very Critical
3416,854101,Very Critical
16569,721434,Very Critical
16315,247231,Very Critical
18074,400009,Very Critical
12293,607303,Very Critical
7914,442710,Very Critical
4721,676541,Very Critical
12357,609102,Very Critical
16208,229303,Very Critical
18539,181207,Very Critical
8599,603308,Very Critical
8855,180019,Very Critical
7751,400707,Very Critical
12933,733126,Very Critical
15871,395001,Very Critical
7753,410202,Very Critical
5922,756025,Very Critical
7908,442707,Very Critical
7604,403713,Very Critical
16069,682042,Very Critical
16068,682023,Very Critical
10406,248198,Very Critical
2068,781121,Very Critical
13263,600078,Very Critical
9466,411005,Very Critical
2083,781128,Very Critical
10398,248159,Very Critical
15885,396180,Very Critical
4822,673523,Very Critical
4826,673323,Very Critical
12910,737128,Very Critical
15647,402101,Very Critical
7789,402306,Very Critical
18870,781023,Very Critical
16779,600009,Very Critical
14642,690540,Very Critical
18453,781378,Very Critical
13251,600092,Very Critical
19457,680545,Very Critical
13863,581123,Very Critical
5661,690515,Very Critical
2094,781309,Very Critical
14797,402102,Very Critical
14510,575007,Very Critical
13246,603110,Very Critical
5756,689573,Very Critical
5757,689102,Very Critical
5582,682030,Very Critical
19021,421305,Very Critical
5566,686102,Very Critical
2121,781369,Very Critical
14810,421311,Very Critical
5941,756002,Very Critical
13288,600050,Very Critical
19019,400603,Very Critical
19202,781024,Very Critical
14804,402116,Very Critical
13448,611103,Very Critical
14633,680510,Very Critical
2853,396469,Very Critical
19595,600119,Very Critical
6198,752046,Very Critical
19303,788109,Very Critical
2114,781375,Very Critical
2162,788123,Very Critical
5522,574118,Very Critical
5626,680564,Very Critical
5954,756083,Very Critical
5949,756086,Very Critical
2953,396240,Very Critical
2092,781328,Very Critical
18207,600083,Very Critical
2928,391310,Very Critical
2120,781373,Very Critical
14603,680688,Very Critical
2175,788002,Very Critical
18944,691006,Very Critical
13059,721439,Very Critical
5341,574154,Very Critical
17754,781038,Very Critical
19442,682505,Very Critical
13450,609604,Very Critical
18385,744204,Very Critical
17017,737136,Very Critical
17215,781012,Very Critical
17212,781134,Very Critical
3427,855107,Very Critical
6480,764061,Very Critical
3667,814131,Very Critical
17107,691334,Very Critical
17091,690517,Very Critical
17073,682021,Very Critical
5550,686669,Very Critical
3668,813106,Very Critical
3671,813109,Very Critical
17021,713369,Very Critical
6448,766013,Very Critical
2041,783392,Very Critical
9234,670661,Very Critical
2055,783354,Very Critical
9123,680521,Very Critical
15495,781036,Very Critical
2026,783349,Very Critical
9112,686041,Very Critical
5892,799263,Very Critical
14172,781015,Very Critical
5547,686668,Very Critical
5812,673661,Very Critical
5527,688506,Very Critical
15204,415608,Very Critical
19300,781008,Very Critical
5625,680667,Very Critical
14705,670301,Very Critical
19298,781019,Very Critical
5545,683580,Very Critical
5930,756020,Very Critical
5738,691585,Very Critical
15074,676306,Very Critical
14728,799287,Very Critical
13565,273211,Very Critical
14739,752111,Very Critical
19296,781016,Very Critical
3418,855102,Very Critical
4976,461001,Very Critical
7941,442504,Very Critical
17679,274304,Very Critical
8772,133302,Very Critical
12223,628008,Very Critical
4478,422401,Very Critical
16762,603002,Very Critical
13271,631502,Very Critical
10097,852201,Very Critical
4431,431717,Very Critical
1950,782103,Very Critical
764,521212,Very Critical
9551,756100,Very Critical
14920,422010,Very Critical
4408,422306,Very Critical
10682,283204,Very Critical
18164,754103,Very Critical
6451,766107,Very Critical
12227,628002,Very Critical
16942,226013,Very Critical
13610,226015,Very Critical
7945,442918,Very Critical
15512,843301,Very Critical
8771,134108,Very Critical
12257,626124,Very Critical
3663,813101,Very Critical
13272,631502,Very Critical
16763,603002,Very Critical
12777,743330,Very Critical
17746,782427,Very Critical
3342,845434,Very Critical
18656,133301,Very Critical
1945,782127,Very Critical
5114,464774,Very Critical
3323,845419,Very Critical
12226,628101,Very Critical
9857,504001,Very Critical
5989,752109,Very Critical
3474,852124,Very Critical
10641,742212,Very Critical
765,521212,Very Critical
13609,226001,Very Critical
3489,852139,Very Critical
12699,244001,Very Critical
8107,413103,Very Critical
18214,631501,Very Critical
17846,134104,Very Critical
16346,626130,Very Critical
3591,841440,Very Critical
5983,756131,Very Critical
14351,852216,Very Critical
6085,754114,Very Critical
1922,782428,Very Critical
11046,244504,Very Critical
3330,845425,Very Critical
9722,721655,Very Critical
19354,134101,Very Critical
5959,756116,Very Critical
13790,721654,Very Critical
9286,482010,Very Critical
9832,609110,Very Critical
18987,482009,Very Critical
13419,628004,Very Critical
14145,782445,Very Critical
13406,625534,Very Critical
5964,756113,Very Critical
4450,431709,Very Critical
18783,631005,Very Critical
12224,628008,Very Critical
16347,626130,Very Critical
6455,766102,Very Critical
1944,782137,Very Critical
17631,533242,Very Critical
519,524132,Very Critical
11346,273165,Very Critical
3467,852111,Very Critical
3665,813202,Very Critical
11492,631552,Very Critical
11493,631552,Very Critical
16869,628152,Very Critical
11038,244222,Very Critical
17552,609405,Very Critical
16939,226007,Very Critical
3803,172105,Very Critical
769,521241,Very Critical
3476,852125,Very Critical
10106,845438,Very Critical
5976,756128,Very Critical
7338,483220,Very Critical
3593,841286,Very Critical
3478,852202,Very Critical
9644,160102,Very Critical
5115,464774,Very Critical
18982,461446,Very Critical
3488,852138,Very Critical
6092,754294,Very Critical
3473,852123,Very Critical
6089,754108,Very Critical
9287,482010,Very Critical
16435,202282,Very Critical
10367,246421,Very Critical
16381,609601,Very Critical
6001,752119,Very Critical
10098,852201,Very Critical
14374,841203,Very Critical
3464,852110,Very Critical
6486,764063,Very Critical
12092,625704,Very Critical
12778,743378,Very Critical
7334,482003,Very Critical
3460,852106,Very Critical
15874,394221,Very Critical
10053,781028,Very Critical
8742,396421,Very Critical
17663,400001,Very Critical
16796,600117,Very Critical
13267,600081,Very Critical
14512,575011,Very Critical
9406,400601,Very Critical
17676,607001,Very Critical
6011,754004,Very Critical
3437,854311,Very Critical
7792,421201,Very Critical
2971,396185,Very Critical
12941,733208,Very Critical
2079,781102,Very Critical
2073,781101,Very Critical
9405,400615,Very Critical
19538,401209,Very Critical
15499,781301,Very Critical
4796,670705,Very Critical
15645,400007,Very Critical
12896,732103,Very Critical
9951,524401,Very Critical
12891,732201,Very Critical
9385,400028,Very Critical
14584,682314,Very Critical
12903,732206,Very Critical
2070,781123,Very Critical
6122,757040,Very Critical
15732,799131,Very Critical
5581,682027,Very Critical
16792,600072,Very Critical
19246,400071,Very Critical
18090,410222,Very Critical
4745,678582,Very Critical
5635,686019,Very Critical
1957,785702,Very Critical
19015,421203,Very Critical
4679,670511,Very Critical
15358,689101,Very Critical
10566,743292,Very Critical
7749,400021,Very Critical
5622,680683,Very Critical
15928,180013,Very Critical
9236,670101,Very Critical
15045,678702,Very Critical
5526,688561,Very Critical
15198,403502,Very Critical
2043,783125,Very Critical
19002,400061,Very Critical
17997,689585,Very Critical
12901,732139,Very Critical
5637,686004,Very Critical
19034,411052,Very Critical
3241,176083,Very Critical
2972,396007,Very Critical
2958,396220,Very Critical
18011,673015,Very Critical
18957,673302,Very Critical
16078,680317,Very Critical
16085,686002,Very Critical
14248,396360,Very Critical
16797,600117,Very Critical
11322,273413,Very Critical
14629,689622,Very Critical
5346,575013,Very Critical
5344,575019,Very Critical
12900,732205,Very Critical
9317,403001,Very Critical
6136,757016,Very Critical
16084,680665,Very Critical
6197,752014,Very Critical
7641,415703,Very Critical
18077,400050,Very Critical
17831,394345,Very Critical
11601,606755,Very Critical
17830,394345,Very Critical
12832,736179,Very Critical
15924,181123,Very Critical
14813,401304,Very Critical
14747,754009,Very Critical
5337,575023,Very Critical
16080,680311,Very Critical
16130,691009,Very Critical
18966,679104,Very Critical
12886,732210,Very Critical
8593,603305,Very Critical
15603,403102,Very Critical
2008,785689,Very Critical
1677,581334,Very Critical
14766,757017,Very Critical
5804,673601,Very Critical
14264,396030,Very Critical
14167,783376,Very Critical
5396,574240,Very Critical
9207,671312,Very Critical
9401,421002,Very Critical
14513,575011,Very Critical
14621,686143,Very Critical
17947,683517,Very Critical
16793,600072,Very Critical
5775,695145,Very Critical
4727,676521,Very Critical
3278,174004,Very Critical
13268,600081,Very Critical
15604,403102,Very Critical
3771,175015,Very Critical
14950,799012,Very Critical
15605,403109,Very Critical
2071,781123,Very Critical
5615,680734,Very Critical
7768,402304,Very Critical
3929,184144,Very Critical
17952,682022,Very Critical
9195,673032,Very Critical
2102,781321,Very Critical
9151,691601,Very Critical
14710,670602,Very Critical
19601,600066,Very Critical
9107,680668,Very Critical
2064,781031,Very Critical
19187,690558,Very Critical
18483,680507,Very Critical
18500,670005,Very Critical
5636,686019,Very Critical
15875,394221,Very Critical
10054,781004,Very Critical
18332,248009,Very Critical
17958,682502,Very Critical
7671,416704,Very Critical
16108,680509,Very Critical
5623,680683,Very Critical
16086,686002,Very Critical
9133,680617,Very Critical
12902,732209,Very Critical
18091,402207,Very Critical
4827,673529,Very Critical
18012,673015,Very Critical
9115,686630,Very Critical
3266,174024,Very Critical
16714,625205,Very Critical
15901,176310,Very Critical
14670,689511,Very Critical
14632,680104,Very Critical
15929,180013,Very Critical
5888,799277,Very Critical
12829,736203,Very Critical
3764,175033,Very Critical
5345,575019,Very Critical
17677,607001,Very Critical
15927,181121,Very Critical
19675,735234,Very Critical
3768,175006,Very Critical
14608,680562,Very Critical
12291,607401,Very Critical
3791,175018,Very Critical
4728,676521,Very Critical
9237,670101,Very Critical
8957,590011,Very Critical
4680,670562,Very Critical
5347,575013,Very Critical
18085,400103,Very Critical
2074,781101,Very Critical
8534,335001,Very Critical
1080,500055,Very Critical
2893,394540,Very Critical
2313,110018,Very Critical
13773,711101,Very Critical
16976,700016,Very Critical
17819,360375,Very Critical
2739,394310,Very Critical
8665,110026,Very Critical
8760,390020,Very Critical
8158,412301,Very Critical
9528,795001,Very Critical
9678,143505,Very Critical
7692,416410,Very Critical
8556,335804,Very Critical
2551,360490,Very Critical
13960,394185,Very Critical
14216,800007,Very Critical
6912,305624,Very Critical
18354,700013,Very Critical
85,801503,Very Critical
3107,132114,Very Critical
8860,190018,Very Critical
9767,842001,Very Critical
13386,625001,Very Critical
2385,382449,Very Critical
8527,335513,Very Critical
8864,190002,Very Critical
1356,560090,Very Critical
3123,136034,Very Critical
6005,751002,Very Critical
9430,440012,Very Critical
17870,190010,Very Critical
18407,711107,Very Critical
17872,190008,Very Critical
9427,440017,Very Critical
13887,382435,Very Critical
1821,502032,Very Critical
15556,110014,Very Critical
12665,203205,Very Critical
601,522647,Very Critical
16361,639002,Very Critical
15511,841301,Very Critical
13768,711104,Very Critical
15471,533001,Very Critical
16715,625020,Very Critical
8934,560098,Very Critical
10110,802301,Very Critical
19237,387411,Very Critical
15801,143401,Very Critical
4528,431705,Very Critical
15378,636001,Very Critical
6756,152002,Very Critical
198,495668,Very Critical
17049,711102,Very Critical
14087,500030,Very Critical
12079,625016,Very Critical
18126,412110,Very Critical
2297,110081,Very Critical
13778,711114,Very Critical
8866,190014,Very Critical
9809,144401,Very Critical
15935,190001,Very Critical
13112,711409,Very Critical
8522,335501,Very Critical
11057,244921,Very Critical
7091,304502,Very Critical
8894,834008,Very Critical
18343,700067,Very Critical
16719,625014,Very Critical
12766,700110,Very Critical
15583,452007,Very Critical
18244,636002,Very Critical
16641,638008,Very Critical
6710,151103,Very Critical
19683,711113,Very Critical
16975,700014,Very Critical
14239,392011,Very Critical
11767,638183,Very Critical
8862,190009,Very Critical
2293,110084,Very Critical
13969,534202,Very Critical
19253,605001,Very Critical
15613,416007,Very Critical
1577,583227,Very Critical
7695,416415,Very Critical
17708,500060,Very Critical
17711,500044,Very Critical
14851,411057,Very Critical
7600,476337,Very Critical
10532,700128,Very Critical
18681,190004,Very Critical
19337,361002,Very Critical
13107,711405,Very Critical
2740,394310,Very Critical
4427,431801,Very Critical
18360,700102,Very Critical
18370,700090,Very Critical
16962,700018,Very Critical
1218,518003,Very Critical
19058,805110,Very Critical
16814,641027,Very Critical
3409,842002,Very Critical
18835,500080,Very Critical
12765,743127,Very Critical
6023,754021,Very Critical
530,522501,Very Critical
2987,133004,Very Critical
8702,364006,Very Critical
13508,211011,Very Critical
12108,623707,Very Critical
8945,560096,Very Critical
17053,711105,Very Critical
13674,700074,Very Critical
18804,641050,Very Critical
4632,797112,Very Critical
2904,394130,Very Critical
8041,414005,Very Critical
10146,490006,Very Critical
1614,585310,Very Critical
11703,638009,Very Critical
18369,700035,Very Critical
18543,190011,Very Critical
9301,474011,Very Critical
17790,493881,Very Critical
11339,273303,Very Critical
16577,712203,Very Critical
14446,190017,Very Critical
7274,303005,Very Critical
3944,192124,Very Critical
15625,416416,Very Critical
2914,391165,Very Critical
9613,769001,Very Critical
9516,422001,Very Critical
18315,201016,Very Critical
18566,221008,Very Critical
97,821101,Very Critical
4432,431809,Very Critical
6594,141206,Very Critical
17046,712258,Very Critical
12673,203135,Very Critical
6362,770031,Very Critical
13117,711316,Very Critical
19388,190023,Very Critical
12767,700119,Very Critical
19656,700066,Very Critical
2687,360024,Very Critical
1508,591304,Very Critical
1952,782140,Very Critical
7326,454116,Very Critical
4468,422003,Very Critical
5288,561208,Very Critical
17200,782410,Very Critical
11774,637207,Very Critical
16987,700080,Very Critical
9328,416116,Very Critical
19181,712235,Very Critical
9817,636102,Very Critical
7294,453111,Very Critical
14859,410406,Very Critical
1097,501203,Very Critical
18257,625003,Very Critical
15522,804408,Very Critical
1842,531163,Very Critical
18406,711201,Very Critical
18377,700057,Very Critical
7044,325220,Very Critical
3129,136117,Very Critical
16246,700132,Very Critical
19326,382475,Very Critical
36,803213,Very Critical
7851,444709,Very Critical
13509,211016,Very Critical
13097,712250,Very Critical
17006,700115,Very Critical
7303,455001,Very Critical
18576,641017,Very Critical
7926,442702,Very Critical
11654,641022,Very Critical
11647,641110,Very Critical
12021,629165,Very Critical
13035,721401,Very Critical
16519,743166,Very Critical
16494,209861,Very Critical
7836,444107,Very Critical
8275,334302,Very Critical
6714,151507,Very Critical
13532,221108,Very Critical
9419,444601,Very Critical
2234,851204,Very Critical
4291,423701,Very Critical
6066,754215,Very Critical
18844,516115,Very Critical
8907,831005,Very Critical
10418,249408,Very Critical
6412,761007,Very Critical
17237,364110,Very Critical
3997,828111,Very Critical
14256,395004,Very Critical
8003,442104,Very Critical
16520,700121,Very Critical
13938,370405,Very Critical
13641,700005,Very Critical
93,801505,Very Critical
6902,305814,Very Critical
14228,844102,Very Critical
2683,360002,Very Critical
16896,620017,Very Critical
17044,712201,Very Critical
8349,342027,Very Critical
3952,192231,Very Critical
6020,753011,Very Critical
9989,520011,Very Critical
9625,761110,Very Critical
15434,518301,Very Critical
16250,700131,Very Critical
1437,583102,Very Critical
13077,712302,Very Critical
18102,444603,Very Critical
18857,520013,Very Critical
10160,224122,Very Critical
19156,700036,Very Critical
15362,425201,Very Critical
11428,209217,Very Critical
14093,515411,Very Critical
3902,193501,Very Critical
15769,768003,Very Critical
1766,533105,Very Critical
19600,605011,Very Critical
17002,700114,Very Critical
6689,143416,Very Critical
15750,754211,Very Critical
13757,712136,Very Critical
19053,509103,Very Critical
5468,572118,Very Critical
19539,444605,Very Critical
11962,624005,Very Critical
15420,500083,Very Critical
3415,842004,Very Critical
6241,759100,Very Critical
16909,221103,Very Critical
8667,110015,Very Critical
14028,533238,Very Critical
18823,500006,Very Critical
19138,201302,Very Critical
13102,712410,Very Critical
1914,782480,Very Critical
12735,741137,Very Critical
10790,223101,Very Critical
2804,393120,Very Critical
13679,700050,Very Critical
10545,743252,Very Critical
16261,742103,Very Critical
15830,380058,Very Critical
970,505209,Very Critical
19323,380010,Very Critical
19611,636402,Very Critical
5076,484224,Very Critical
19167,700118,Very Critical
11710,638476,Very Critical
19048,712102,Very Critical
2753,394160,Very Critical
13673,700065,Very Critical
16938,226010,Very Critical
17769,846001,Very Critical
3495,848114,Very Critical
7693,416410,Very Critical
2475,365601,Very Critical
10638,742235,Very Critical
11860,636304,Very Critical
6516,765020,Very Critical
2745,394180,Very Critical
2741,394155,Very Critical
6373,761102,Very Critical
13764,712245,Very Critical
15113,144216,Very Critical
16511,741302,Very Critical
16146,695015,Very Critical
12140,623504,Very Critical
3045,122508,Very Critical
17161,521344,Very Critical
14769,752030,Very Critical
8192,415108,Very Critical
18348,700082,Very Critical
19666,700076,Very Critical
13666,700097,Very Critical
15595,474003,Very Critical
10577,731237,Very Critical
13321,638006,Very Critical
3964,191111,Very Critical
1940,782136,Very Critical
12597,283126,Very Critical
9572,753002,Very Critical
14926,422210,Very Critical
8369,342015,Very Critical
10729,212301,Very Critical
4404,423102,Very Critical
240,490025,Very Critical
10695,281502,Very Critical
3542,841101,Very Critical
8686,380001,Very Critical
8679,380063,Very Critical
11868,636502,Very Critical
9973,534350,Very Critical
9942,534006,Very Critical
1081,500055,Very Critical
10208,201102,Very Critical
11517,605004,Very Critical
7345,483770,Very Critical
11740,635123,Very Critical
15280,335805,Very Critical
4498,413527,Very Critical
10875,221303,Very Critical
10136,821307,Very Critical
2542,360320,Very Critical
13702,743331,Very Critical
19150,700127,Very Critical
751,521175,Very Critical
19308,800012,Very Critical
2353,382260,Very Critical
18890,800025,Very Critical
18515,412215,Very Critical
6068,754225,Very Critical
17873,190008,Very Critical
2273,493225,Very Critical
17236,364005,Very Critical
4465,422007,Very Critical
17005,700049,Very Critical
6424,761018,Very Critical
18863,530008,Very Critical
13535,221107,Very Critical
6648,148033,Very Critical
11209,272207,Very Critical
19309,821303,Very Critical
5968,756133,Very Critical
3941,185131,Very Critical
18551,825102,Very Critical
17871,190010,Very Critical
11713,638455,Very Critical
15936,190005,Very Critical
17003,700117,Very Critical
10732,212306,Very Critical
8666,110026,Very Critical
2715,388315,Very Critical
1853,535216,Very Critical
12595,283111,Very Critical
6046,755043,Very Critical
6377,761111,Very Critical
10118,811201,Very Critical
4414,423106,Very Critical
6341,769042,Very Critical
18495,695004,Very Critical
17805,380007,Very Critical
7977,441404,Very Critical
18363,700101,Very Critical
6016,754202,Very Critical
18893,800023,Very Critical
10616,742102,Very Critical
13762,712202,Very Critical
15930,194105,Very Critical
16998,700123,Very Critical
13527,221001,Very Critical
19227,201309,Very Critical
19267,500023,Very Critical
7065,325001,Very Critical
14444,190015,Very Critical
18029,678014,Very Critical
18051,474004,Very Critical
14423,171005,Very Critical
14240,392011,Very Critical
19193,695002,Very Critical
13972,523101,Very Critical
2550,360440,Very Critical
16180,678013,Very Critical
17779,804426,Very Critical
13753,712413,Very Critical
15418,500016,Very Critical
8920,560037,Very Critical
16253,743297,Very Critical
12296,639007,Very Critical
16275,221502,Very Critical
13356,641604,Very Critical
18299,221004,Very Critical
6233,759132,Very Critical
10931,246762,Very Critical
11198,272153,Very Critical
7148,313601,Very Critical
7145,313903,Very Critical
11118,276137,Very Critical
18575,641111,Very Critical
13399,630211,Very Critical
6076,754082,Very Critical
138,844506,Very Critical
14744,751031,Very Critical
4435,431712,Very Critical
16359,639004,Very Critical
16808,641036,Very Critical
12075,627859,Very Critical
13562,271319,Very Critical
16514,741223,Very Critical
79,801109,Very Critical
3690,813213,Very Critical
17318,828203,Very Critical
15381,621601,Very Critical
15470,533004,Very Critical
6509,765033,Very Critical
17349,431115,Very Critical
6653,148100,Very Critical
11785,638182,Very Critical
11551,605107,Very Critical
11682,638311,Very Critical
6372,761107,Very Critical
12015,629152,Very Critical
1838,530040,Very Critical
43,803302,Very Critical
6037,755008,Very Critical
18705,560102,Very Critical
511,524126,Very Critical
15006,148027,Very Critical
9330,416104,Very Critical
13347,636401,Very Critical
9495,431010,Very Critical
17436,140301,Very Critical
16982,700156,Very Critical
8623,110091,Very Critical
11446,209306,Very Critical
10551,743289,Very Critical
8493,343032,Very Critical
2897,394107,Very Critical
782,531061,Very Critical
10622,742305,Very Critical
2634,370415,Very Critical
10742,211010,Very Critical
3537,841219,Very Critical
13669,700100,Very Critical
3497,848205,Very Critical
5153,584102,Very Critical
6670,143101,Very Critical
14201,851214,Very Critical
3526,841311,Very Critical
13808,562130,Very Critical
6035,755006,Very Critical
9716,721151,Very Critical
7954,441908,Very Critical
7566,474020,Very Critical
6090,754111,Very Critical
13094,712405,Very Critical
6028,755025,Very Critical
5979,756121,Very Critical
5974,756129,Very Critical
14035,533463,Very Critical
17384,754137,Very Critical
8867,190014,Very Critical
3514,848209,Very Critical
15316,721641,Very Critical
2921,391145,Very Critical
18140,422008,Very Critical
18698,831017,Very Critical
19180,712503,Very Critical
18859,533002,Very Critical
19336,361003,Very Critical
18307,274403,Very Critical
306,496225,Very Critical
18356,700071,Very Critical
8761,390020,Very Critical
3513,848236,Very Critical
15010,143303,Very Critical
9729,721632,Very Critical
15474,533440,Very Critical
8672,380009,Very Critical
15532,800011,Very Critical
8896,834001,Very Critical
2314,110018,Very Critical
1690,584113,Very Critical
1956,785602,Very Critical
1067,500075,Very Critical
441,534218,Very Critical
1935,782412,Very Critical
9885,500001,Very Critical
19583,302020,Very Critical
1845,530005,Very Critical
2389,382445,Very Critical
423,534204,Very Critical
16735,625562,Very Critical
16182,678531,Very Critical
476,521345,Very Critical
4389,424201,Very Critical
16716,625020,Very Critical
16356,607108,Very Critical
3963,191121,Very Critical
16997,700122,Very Critical
17713,500103,Very Critical
8617,492013,Very Critical
8861,190018,Very Critical
14834,441112,Very Critical
13115,711314,Very Critical
14447,190017,Very Critical
18531,577003,Very Critical
14135,530044,Very Critical
13966,534239,Very Critical
13961,394185,Very Critical
13776,711317,Very Critical
13205,334401,Very Critical
13136,721211,Very Critical
17381,754027,Very Critical
3098,125077,Very Critical
5124,464986,Very Critical
15620,416303,Very Critical
4903,471515,Very Critical
3512,848127,Very Critical
3511,848210,Very Critical
3971,193402,Very Critical
4245,422622,Very Critical
15176,458778,Very Critical
15084,462038,Very Critical
18107,440008,Very Critical
18561,756120,Very Critical
3128,136027,Very Critical
4252,413401,Very Critical
8936,560068,Very Critical
16,811302,Very Critical
16573,712417,Very Critical
410,517520,Very Critical
422,534208,Very Critical
81,801108,Very Critical
144,844125,Very Critical
17712,500044,Very Critical
5139,453001,Very Critical
13534,221010,Very Critical
16991,742137,Very Critical
9445,441304,Very Critical
17893,560087,Very Critical
17801,380006,Very Critical
8865,190002,Very Critical
19688,721604,Very Critical
16673,632602,Very Critical
4251,413214,Very Critical
6103,754133,Very Critical
4372,425406,Very Critical
7068,323802,Very Critical
9487,422620,Very Critical
19687,711203,Very Critical
8732,387350,Very Critical
10754,221507,Very Critical
10767,222136,Very Critical
3548,841411,Very Critical
11184,277303,Very Critical
19160,741301,Very Critical
6918,305204,Very Critical
19366,123110,Very Critical
1756,533126,Very Critical
11856,636452,Very Critical
1825,532222,Very Critical
6064,754213,Very Critical
10854,232110,Very Critical
1843,531163,Very Critical
6067,754220,Very Critical
18445,360470,Very Critical
8159,412301,Very Critical
1785,533234,Very Critical
8099,411047,Very Critical
18884,802302,Very Critical
8042,414005,Very Critical
4428,431710,Very Critical
3410,843116,Very Critical
3397,843108,Very Critical
15829,380027,Very Critical
15799,141125,Very Critical
19068,678002,Very Critical
6013,754209,Very Critical
15989,560010,Very Critical
9997,533005,Very Critical
1537,591244,Very Critical
9923,518599,Very Critical
9870,505210,Very Critical
9869,505215,Very Critical
7948,441110,Very Critical
2910,394440,Very Critical
2386,382449,Very Critical
1129,515865,Very Critical
603,522409,Very Critical
11113,276125,Very Critical
11124,276207,Very Critical
8183,415205,Very Critical
6561,140109,Very Critical
18010,695018,Very Critical
16471,271306,Very Critical
2382,382305,Very Critical
18577,641017,Very Critical
15802,143401,Very Critical
14760,754142,Very Critical
11489,225304,Very Critical
3953,192231,Very Critical
11101,242405,Very Critical
14207,845424,Very Critical
9428,440017,Very Critical
12692,207125,Very Critical
12617,202280,Very Critical
1418,591125,Very Critical
17569,606103,Very Critical
8356,342312,Very Critical
10100,848504,Very Critical
10113,802210,Very Critical
17548,612702,Very Critical
12722,206003,Very Critical
9614,769001,Very Critical
11484,225412,Very Critical
9666,143113,Very Critical
7382,451335,Very Critical
703,523225,Very Critical
783,506371,Very Critical
17004,700117,Very Critical
774,521456,Very Critical
7319,454449,Very Critical
16895,639112,Very Critical
53,801306,Very Critical
6555,140111,Very Critical
17352,431132,Very Critical
14445,191101,Very Critical
4418,422209,Very Critical
2792,392015,Very Critical
13533,221108,Very Critical
10683,205262,Very Critical
14748,754112,Very Critical
11791,643211,Very Critical
10741,212305,Very Critical
19410,560045,Very Critical
7211,321602,Very Critical
46,803113,Very Critical
663,523274,Very Critical
10538,743294,Very Critical
15,811101,Very Critical
13503,281406,Very Critical
7254,303509,Very Critical
13523,231001,Very Critical
16574,712501,Very Critical
10723,212111,Very Critical
16572,712613,Very Critical
35,803214,Very Critical
16682,641305,Very Critical
8738,387001,Very Critical
14771,752022,Very Critical
16995,741506,Very Critical
1932,782425,Very Critical
3527,841211,Very Critical
16446,276206,Very Critical
16627,635205,Very Critical
13353,635807,Very Critical
11168,277001,Very Critical
11775,637208,Very Critical
14089,501401,Very Critical
19389,190023,Very Critical
19409,560071,Very Critical
3561,843320,Very Critical
10270,229316,Very Critical
11365,210206,Very Critical
17339,848129,Very Critical
3313,846002,Very Critical
3331,845426,Very Critical
13282,605401,Very Critical
15934,190003,Very Critical
13116,711226,Very Critical
12199,627010,Very Critical
8535,335001,Very Critical
7687,416311,Very Critical
3314,845301,Very Critical
3499,848134,Very Critical
3108,132114,Very Critical
3510,848505,Very Critical
14122,533233,Very Critical
12335,612501,Very Critical
14360,841207,Very Critical
14746,754001,Very Critical
16434,204102,Very Critical
17124,695027,Very Critical
3721,802120,Very Critical
6423,761019,Very Critical
80,801110,Very Critical
1955,785611,Very Critical
18365,700160,Very Critical
14820,444311,Very Critical
6194,752015,Very Critical
437,534134,Very Critical
429,534236,Very Critical
6099,754104,Very Critical
18434,394105,Very Critical
6093,754153,Very Critical
14693,695006,Very Critical
2233,851203,Very Critical
1701,533468,Very Critical
14737,752101,Very Critical
2261,846009,Very Critical
19153,700011,Very Critical
6012,754206,Very Critical
16350,626204,Very Critical
3,804429,Very Critical
10878,221105,Very Critical
12387,614602,Very Critical
11979,624709,Very Critical
14399,824237,Very Critical
9278,464224,Very Critical
18542,190019,Very Critical
13993,522018,Very Critical
12518,621703,Very Critical
17524,629163,Very Critical
124,844111,Very Critical
15085,462042,Very Critical
991,502291,Very Critical
13237,335037,Very Critical
11932,641113,Very Critical
16621,641019,Very Critical
18630,361142,Very Critical
7092,304502,Very Critical
8676,380014,Very Critical
15340,848101,Very Critical
19046,700136,Very Critical
13989,522508,Very Critical
19254,605001,Very Critical
17045,712125,Very Critical
979,502307,Very Critical
19024,440029,Very Critical
134,843110,Very Critical
18544,190011,Very Critical
9442,441904,Very Critical
13528,221005,Very Critical
8895,834008,Very Critical
142,844124,Very Critical
143,844509,Very Critical
1163,517280,Very Critical
7246,303502,Very Critical
10779,222165,Very Critical
10809,231501,Very Critical
15713,424101,Very Critical
11463,209871,Very Critical
14120,533290,Very Critical
1643,585355,Very Critical
13108,711405,Very Critical
2315,110059,Very Critical
11883,635813,Very Critical
9579,755001,Very Critical
15182,465113,Very Critical
16812,641030,Very Critical
13675,700074,Very Critical
9887,500064,Very Critical
11813,642112,Very Critical
18113,440021,Very Critical
18112,440021,Very Critical
18516,412215,Very Critical
1640,585221,Very Critical
3524,841208,Very Critical
5970,756171,Very Critical
9679,143505,Very Critical
717,534340,Very Critical
11452,209831,Very Critical
7984,441305,Very Critical
18358,700046,Very Critical
602,522647,Very Critical
14757,754231,Very Critical
10737,212302,Very Critical
3610,841439,Very Critical
3538,841302,Very Critical
11933,641113,Very Critical
1005,508374,Very Critical
13779,711114,Very Critical
16521,700083,Very Critical
3748,804405,Very Critical
16034,571116,Very Critical
14274,127111,Very Critical
5044,470664,Very Critical
15421,500083,Very Critical
13761,712234,Very Critical
16460,272203,Very Critical
18629,361009,Very Critical
7696,416415,Very Critical
16680,641670,Very Critical
19348,387315,Very Critical
7585,476001,Very Critical
16681,641670,Very Critical
3301,175138,Very Critical
13366,629176,Very Critical
4165,506144,Very Critical
13358,624211,Very Critical
13771,711103,Very Critical
16341,626129,Very Critical
14214,805104,Very Critical
11450,209205,Very Critical
17178,844116,Very Critical
8538,335022,Very Critical
11779,637209,Very Critical
4306,431208,Very Critical
3413,843118,Very Critical
13769,711104,Very Critical
19327,382475,Very Critical
13774,711101,Very Critical
4405,423202,Very Critical
11969,624303,Very Critical
16563,713151,Very Critical
11687,638314,Very Critical
19178,712121,Very Critical
7056,325601,Very Critical
10831,230502,Very Critical
4420,423208,Very Critical
4422,422304,Very Critical
4433,431809,Very Critical
10866,232118,Very Critical
3163,131304,Very Critical
4458,422202,Very Critical
13988,522508,Very Critical
12112,623135,Very Critical
4166,506144,Very Critical
3675,813201,Very Critical
7022,326022,Very Critical
13973,523101,Very Critical
10893,221208,Very Critical
8682,380004,Very Critical
19118,211005,Very Critical
14071,503246,Very Critical
8711,360575,Very Critical
16398,614620,Very Critical
3696,802152,Very Critical
10644,742213,Very Critical
19038,415212,Very Critical
11169,277201,Very Critical
1707,533445,Very Critical
9586,754071,Very Critical
11704,638009,Very Critical
6286,758043,Very Critical
17598,741157,Very Critical
17601,700138,Very Critical
11149,271902,Very Critical
11014,250619,Very Critical
11007,250345,Very Critical
17427,212405,Very Critical
14394,802118,Very Critical
241,490025,Very Critical
14389,802314,Very Critical
14388,802206,Very Critical
14765,757085,Very Critical
11707,638503,Very Critical
10862,232101,Very Critical
17331,562107,Very Critical
4119,504101,Very Critical
11708,638503,Very Critical
547,507204,Very Critical
14353,848302,Very Critical
12453,621202,Very Critical
12462,621213,Very Critical
18864,530008,Very Critical
12549,620009,Very Critical
15480,530014,Very Critical
2894,394540,Very Critical
16720,625014,Very Critical
13066,712614,Very Critical
12817,736168,Very Critical
10627,742138,Very Critical
15462,521225,Very Critical
726,534197,Very Critical
12716,206125,Very Critical
9993,533220,Very Critical
2742,394155,Very Critical
14774,752068,Very Critical
12695,207243,Very Critical
2758,394720,Very Critical
8868,191103,Very Critical
8863,190009,Very Critical
4091,822124,Very Critical
2815,387365,Very Critical
17636,363001,Very Critical
12753,741127,Very Critical
7852,444902,Very Critical
18367,700163,Very Critical
6616,147105,Very Critical
8222,322220,Very Critical
17620,712611,Very Critical
11885,635801,Very Critical
17770,846001,Very Critical
11603,606751,Very Critical
17783,800027,Very Critical
9480,410511,Very Critical
37,803108,Very Critical
9810,144401,Very Critical
1532,591311,Very Critical
10099,852221,Very Critical
12574,605754,Very Critical
10112,802163,Very Critical
439,534217,Very Critical
477,521345,Very Critical
475,521343,Very Critical
18266,627353,Very Critical
1786,533234,Very Critical
1782,533345,Very Critical
18255,627856,Very Critical
9754,521121,Very Critical
18234,638010,Very Critical
9753,507111,Very Critical
6376,761144,Very Critical
6135,757101,Very Critical
442,534320,Very Critical
4010,829107,Very Critical
1764,533287,Very Critical
2258,847106,Very Critical
6371,761146,Very Critical
2262,847115,Very Critical
716,534341,Very Critical
8887,829113,Very Critical
18052,474008,Very Critical
6255,759014,Very Critical
18597,620101,Very Critical
18050,474015,Very Critical
11192,221718,Very Critical
7794,421403,Very Critical
9819,641601,Very Critical
13599,226004,Very Critical
1594,591224,Very Critical
3958,192129,Very Critical
14956,768039,Very Critical
2943,391101,Very Critical
13486,605756,Very Critical
9831,612002,Very Critical
14755,754210,Very Critical
531,522237,Very Critical
17530,625402,Very Critical
18858,520013,Very Critical
2500,365541,Very Critical
11162,271803,Very Critical
7863,444801,Very Critical
6094,754106,Very Critical
9733,721644,Very Critical
12513,613204,Very Critical
3945,192124,Very Critical
18127,412110,Very Critical
6086,754109,Very Critical
13020,713103,Very Critical
13664,700089,Very Critical
1696,531083,Very Critical
6022,754131,Very Critical
2248,848203,Very Critical
6044,755011,Very Critical
8009,445201,Very Critical
6399,761055,Very Critical
6054,754205,Very Critical
6059,754214,Very Critical
11194,277501,Very Critical
10812,231305,Very Critical
13931,361007,Very Critical
19233,721172,Very Critical
19238,387411,Very Critical
13970,534202,Very Critical
13956,394330,Very Critical
11211,272208,Very Critical
1610,585102,Very Critical
13770,711308,Very Critical
11215,272199,Very Critical
10360,263658,Very Critical
13923,364765,Very Critical
13888,382435,Very Critical
15472,533001,Very Critical
7591,476134,Very Critical
11217,272128,Very Critical
13322,638006,Very Critical
7560,475685,Very Critical
16908,221002,Very Critical
13838,591242,Very Critical
10111,802301,Very Critical
11006,250609,Very Critical
14132,532405,Very Critical
10016,530029,Very Critical
11320,273411,Very Critical
13758,712136,Very Critical
10076,784179,Very Critical
14424,171005,Very Critical
11029,250626,Very Critical
1438,583102,Very Critical
14390,802161,Very Critical
6659,143504,Very Critical
18758,761025,Very Critical
6646,148023,Very Critical
13660,700107,Very Critical
18748,755050,Very Critical
14375,841509,Very Critical
14357,848125,Very Critical
14356,848102,Very Critical
6822,144522,Very Critical
13105,711303,Very Critical
10999,262726,Very Critical
6855,144102,Very Critical
17052,711202,Very Critical
10422,247671,Very Critical
13760,712248,Very Critical
13415,628656,Very Critical
19182,712235,Very Critical
19154,700161,Very Critical
11174,277402,Very Critical
10867,232109,Very Critical
14040,533432,Very Critical
15557,110014,Very Critical
9842,243601,Very Critical
10827,230201,Very Critical
637,524003,Very Critical
9839,285001,Very Critical
18598,620101,Very Critical
13030,713512,Very Critical
9533,797113,Very Critical
9253,462043,Very Critical
10847,230137,Very Critical
16905,231314,Very Critical
16502,224230,Very Critical
3533,841223,Very Critical
2635,370415,Very Critical
3525,841208,Very Critical
6711,151103,Very Critical
9920,516150,Very Critical
621,524152,Very Critical
17353,431132,Very Critical
14055,502381,Very Critical
13416,628809,Very Critical
7196,321001,Very Critical
13014,713166,Very Critical
19331,382050,Very Critical
1047,506122,Very Critical
1598,591310,Very Critical
10825,230125,Very Critical
8908,831005,Very Critical
6563,140103,Very Critical
14111,535568,Very Critical
4633,797112,Very Critical
9930,518501,Very Critical
11126,276140,Very Critical
14083,521260,Very Critical
19082,741509,Very Critical
10895,221003,Very Critical
14056,502381,Very Critical
17709,500060,Very Critical
18641,388410,Very Critical
18797,605012,Very Critical
18344,700067,Very Critical
13099,712408,Very Critical
13461,621203,Very Critical
1795,532458,Very Critical
1802,532425,Very Critical
13518,275205,Very Critical
1781,533305,Very Critical
7295,453111,Very Critical
754,521180,Very Critical
7949,441122,Very Critical
13387,625001,Very Critical
17050,711102,Very Critical
13699,700056,Very Critical
2308,110043,Very Critical
9431,440010,Very Critical
786,531031,Very Critical
9698,305001,Very Critical
13578,208017,Very Critical
10555,700135,Very Critical
10643,742223,Very Critical
1846,530005,Very Critical
14745,751031,Very Critical
1757,533126,Very Critical
1806,532406,Very Critical
1794,502318,Very Critical
18355,700013,Very Critical
13556,277203,Very Critical
14756,754246,Very Critical
9864,509152,Very Critical
12994,713428,Very Critical
13457,622422,Very Critical
10138,495001,Very Critical
13637,700024,Very Critical
1822,502032,Very Critical
1801,532430,Very Critical
13642,700007,Very Critical
13539,241301,Very Critical
1790,532459,Very Critical
718,534340,Very Critical
1832,532211,Very Critical
722,534156,Very Critical
18408,711107,Very Critical
18364,700048,Very Critical
1778,533306,Very Critical
18361,700102,Very Critical
19628,221009,Very Critical
7960,441809,Very Critical
13693,743144,Very Critical
13687,741251,Very Critical
6683,143304,Very Critical
6006,751002,Very Critical
6374,761102,Very Critical
14217,800007,Very Critical
8582,632513,Very Critical
18682,190004,Very Critical
6042,755009,Very Critical
7837,444107,Very Critical
10247,229207,Very Critical
2563,361120,Very Critical
13071,712415,Very Critical
10242,229216,Very Critical
1516,591234,Very Critical
9974,534350,Very Critical
1247,518502,Very Critical
10975,241204,Very Critical
10124,800005,Very Critical
6690,143416,Very Critical
10101,841316,Very Critical
6688,143409,Very Critical
10132,801112,Very Critical
6685,143117,Very Critical
13081,712147,Very Critical
1176,516203,Very Critical
1765,533287,Very Critical
16672,635802,Very Critical
13654,700025,Very Critical
1767,533105,Very Critical
11248,274705,Very Critical
19662,741139,Very Critical
10120,803215,Very Critical
1705,533428,Very Critical
615,522412,Very Critical
11646,641062,Very Critical
18985,452015,Very Critical
7901,444306,Very Critical
14223,802221,Very Critical
13763,712202,Very Critical
1200,515621,Very Critical
18697,832109,Very Critical
11116,276201,Very Critical
6564,140307,Very Critical
9529,795001,Very Critical
1509,591304,Very Critical
13085,712513,Very Critical
13147,721222,Very Critical
2659,370660,Very Critical
128,844502,Very Critical
3519,848133,Very Critical
7999,442106,Very Critical
498,524341,Very Critical
16417,613105,Very Critical
6050,755016,Very Critical
18175,769016,Very Critical
6048,755014,Very Critical
6045,755012,Very Critical
8721,388560,Very Critical
3709,802162,Very Critical
18130,413303,Very Critical
465,534312,Very Critical
495,521235,Very Critical
17054,711105,Very Critical
17722,518442,Very Critical
6047,755013,Very Critical
3715,802111,Very Critical
8716,363351,Very Critical
18293,211015,Very Critical
8715,360028,Very Critical
6170,752019,Very Critical
451,534427,Very Critical
3713,802316,Very Critical
6071,754295,Very Critical
16696,629502,Very Critical
3329,845401,Very Critical
12527,621706,Very Critical
199,495668,Very Critical
3391,843120,Very Critical
3367,847213,Very Critical
4868,481990,Very Critical
2936,391240,Very Critical
12512,613203,Very Critical
12222,628216,Very Critical
12468,621206,Very Critical
3899,193122,Very Critical
16508,741317,Very Critical
12463,620006,Very Critical
4148,504207,Very Critical
15596,474003,Very Critical
248,490042,Very Critical
15475,533264,Very Critical
17007,700115,Very Critical
5132,464114,Very Critical
11972,624401,Very Critical
378,516293,Very Critical
16425,621218,Very Critical
474,521321,Very Critical
8028,445305,Very Critical
2265,847307,Very Critical
516,524321,Very Critical
18316,201016,Very Critical
3948,192302,Very Critical
18104,444304,Very Critical
11407,212631,Very Critical
9682,145101,Very Critical
2294,110084,Very Critical
2298,110081,Very Critical
2263,847306,Very Critical
11763,637202,Very Critical
8027,445306,Very Critical
1966,785699,Very Critical
2244,851216,Very Critical
5971,756117,Very Critical
512,524126,Very Critical
29,811107,Very Critical
11321,273408,Very Critical
1953,782140,Very Critical
33,803211,Very Critical
4363,425404,Very Critical
16468,274604,Very Critical
4373,425406,Very Critical
5972,756119,Very Critical
8962,583114,Very Critical
50,803119,Very Critical
17041,712514,Very Critical
438,534225,Very Critical
16849,623514,Very Critical
8946,560096,Very Critical
419,534209,Very Critical
480,521340,Very Critical
8892,834007,Very Critical
3949,192302,Very Critical
483,521327,Very Critical
17051,711306,Very Critical
9737,721650,Very Critical
6024,754021,Very Critical
16410,621114,Very Critical
6027,755003,Very Critical
6019,754100,Very Critical
16449,276303,Very Critical
2307,110071,Very Critical
532,522237,Very Critical
8379,341302,Very Critical
6242,759100,Very Critical
12552,639115,Very Critical
3604,841236,Very Critical
11477,225405,Very Critical
83,804453,Very Critical
11486,225306,Very Critical
0,804422,Very Critical
2362,382230,Very Critical
4416,423212,Very Critical
12076,627861,Very Critical
12077,627861,Very Critical
18048,452006,Very Critical
86,801503,Very Critical
4403,423201,Very Critical
11518,605004,Very Critical
16251,700131,Very Critical
15218,416305,Very Critical
17903,560088,Very Critical
12152,630204,Very Critical
3566,843325,Very Critical
16989,742160,Very Critical
11536,604306,Very Critical
16183,678102,Very Critical
8888,829127,Very Critical
12802,743348,Very Critical
9520,422206,Very Critical
3505,848122,Very Critical
2700,363775,Very Critical
2702,363510,Very Critical
17705,500066,Very Critical
15379,636001,Very Critical
12732,741125,Very Critical
10632,742147,Very Critical
8291,331304,Very Critical
17561,621007,Very Critical
9327,416105,Very Critical
12694,207122,Very Critical
4551,431510,Very Critical
12693,207402,Very Critical
127,844503,Very Critical
12674,203135,Very Critical
15435,518301,Very Critical
2802,392030,Very Critical
12618,202280,Very Critical
8350,342027,Very Critical
3509,848121,Very Critical
3541,841221,Very Critical
3545,841460,Very Critical
3507,848502,Very Critical
12804,743357,Very Critical
17500,635814,Very Critical
8542,335025,Very Critical
12300,639114,Very Critical
17319,828203,Very Critical
15751,754211,Very Critical
9169,695142,Very Critical
17311,193109,Very Critical
5154,584102,Very Critical
15866,388570,Very Critical
15614,416007,Very Critical
12421,614619,Very Critical
8523,335511,Very Critical
16153,695513,Very Critical
17597,741153,Very Critical
16147,695015,Very Critical
141,844508,Very Critical
11887,635754,Very Critical
9302,474011,Very Critical
12560,606203,Very Critical
44,803302,Very Critical
2539,360450,Very Critical
17253,394520,Very Critical
12282,607101,Very Critical
17350,431115,Very Critical
9229,678624,Very Critical
17833,387540,Very Critical
15707,413713,Very Critical
16351,626204,Very Critical
132,844118,Very Critical
17621,712304,Very Critical
5259,573129,Very Critical
3304,847105,Very Critical
4922,488442,Very Critical
3298,175133,Very Critical
130,844504,Very Critical
9226,678501,Very Critical
16001,587331,Very Critical
3898,193122,Very Critical
12239,626134,Very Critical
234,491001,Very Critical
15996,562121,Very Critical
3099,125077,Very Critical
15933,190021,Very Critical
15662,444810,Very Critical
13602,226020,Very Critical
15791,160036,Very Critical
4135,504106,Very Critical
10427,244712,Very Critical
10619,742303,Very Critical
6000,752108,Very Critical
15783,160062,Very Critical
775,533247,Very Critical
12793,743387,Very Critical
9264,461005,Very Critical
9589,757002,Very Critical
12797,743613,Very Critical
15048,678506,Very Critical
69,805125,Very Critical
3601,841227,Very Critical
3931,184152,Very Critical
6160,752032,Very Critical
3562,843322,Very Critical
12366,609609,Very Critical
1330,833219,Very Critical
6104,754138,Very Critical
15792,160036,Very Critical
6262,758038,Very Critical
15655,421101,Very Critical
8748,395003,Very Critical
13563,273001,Very Critical
15683,411019,Very Critical
15872,395023,Very Critical
7357,450001,Very Critical
11575,600044,Very Critical
19528,400710,Very Critical
8148,412108,Very Critical
7968,441601,Very Critical
11951,641664,Very Critical
18429,394305,Very Critical
10045,786125,Very Critical
1883,786001,Very Critical
18086,400020,Very Critical
9403,400608,Very Critical
2968,396155,Very Critical
8955,590001,Very Critical
16597,600056,Very Critical
15627,400033,Very Critical
14795,400702,Very Critical
12821,736135,Very Critical
2199,784115,Very Critical
2955,396125,Very Critical
8127,410405,Very Critical
19035,411041,Very Critical
15860,394601,Very Critical
14344,854326,Very Critical
7802,421302,Very Critical
7815,401102,Very Critical
12872,735135,Very Critical
19596,600042,Very Critical
9458,411003,Very Critical
13714,734003,Very Critical
9455,411001,Very Critical
18798,600073,Very Critical
19250,796001,Very Critical
11573,600062,Very Critical
15876,395011,Very Critical
13244,603202,Very Critical
10096,854301,Very Critical
16919,273005,Very Critical
2042,783131,Very Critical
3923,180002,Very Critical
16774,600015,Very Critical
13269,600021,Very Critical
13434,607106,Very Critical
13264,600061,Very Critical
3570,843302,Very Critical
9306,403802,Very Critical
9793,400053,Very Critical
9635,766001,Very Critical
13257,600082,Very Critical
9555,751030,Very Critical
9766,851101,Very Critical
16920,273015,Very Critical
12873,735224,Very Critical
16790,600122,Very Critical
13559,272001,Very Critical
18677,180015,Very Critical
18572,603209,Very Critical
11566,600049,Very Critical
3972,182101,Very Critical
10034,785008,Very Critical
15638,400064,Very Critical
15781,765001,Very Critical
14815,401303,Very Critical
2001,785670,Very Critical
9453,411032,Very Critical
9470,411008,Very Critical
9813,602001,Very Critical
17020,713304,Very Critical
12944,733207,Very Critical
15639,400097,Very Critical
8849,180011,Very Critical
9374,400080,Very Critical
5534,683101,Very Critical
7812,401504,Very Critical
12934,733202,Very Critical
16947,248002,Very Critical
15693,411045,Very Critical
9594,752001,Very Critical
9029,575006,Very Critical
3841,173030,Very Critical
15690,411038,Very Critical
2105,781325,Very Critical
13286,600076,Very Critical
7799,421103,Very Critical
5900,793101,Very Critical
5682,680306,Very Critical
18791,600115,Very Critical
2964,396145,Very Critical
17635,788151,Very Critical
11583,600130,Very Critical
1429,590008,Very Critical
9556,751012,Very Critical
8098,411033,Very Critical
14949,799003,Very Critical
4987,461223,Very Critical
11341,273164,Very Critical
18788,600011,Very Critical
4462,422402,Very Critical
9554,751014,Very Critical
7764,402302,Very Critical
10562,743425,Very Critical
14343,854115,Very Critical
12936,733129,Very Critical
11582,600048,Very Critical
19598,602003,Very Critical
10444,246149,Very Critical
3629,845455,Very Critical
11578,600126,Very Critical
16781,600013,Very Critical
19000,400093,Very Critical
12868,735211,Very Critical
2225,848201,Very Critical
19294,781018,Very Critical
18115,411039,Very Critical
15632,400057,Very Critical
7757,410220,Very Critical
6498,764056,Very Critical
9381,400066,Very Critical
18083,400092,Very Critical
11506,602002,Very Critical
7783,402109,Very Critical
2843,396415,Very Critical
4602,796321,Very Critical
3227,176215,Very Critical
7608,403504,Very Critical
9312,403720,Very Critical
9379,400104,Very Critical
5966,756125,Very Critical
8152,412115,Very Critical
6352,770017,Very Critical
16063,682037,Very Critical
7117,313011,Very Critical
19007,400063,Very Critical
14660,691501,Very Critical
18079,400055,Very Critical
7778,410205,Very Critical
17472,600059,Very Critical
18992,403602,Very Critical
14778,752002,Very Critical
9475,412101,Very Critical
17471,600127,Very Critical
9201,670002,Very Critical
5896,799205,Very Critical
8594,603306,Very Critical
7631,416503,Very Critical
8824,175021,Very Critical
19515,403501,Very Critical
5560,686691,Very Critical
11563,601204,Very Critical
9792,416606,Very Critical
15064,670703,Very Critical
9402,421202,Very Critical
10541,743423,Very Critical
3346,845437,Very Critical
1421,590010,Very Critical
8846,180003,Very Critical
19549,411058,Very Critical
17254,395010,Very Critical
7964,441902,Very Critical
15689,411051,Very Critical
3911,181101,Very Critical
8164,410507,Very Critical
18380,700134,Very Critical
12939,733132,Very Critical
17682,744101,Very Critical
2967,396150,Very Critical
8590,603203,Very Critical
19433,682304,Very Critical
15599,403726,Very Critical
5536,683561,Very Critical
15698,410403,Very Critical
12840,736159,Very Critical
11637,641201,Very Critical
7816,401102,Very Critical
10540,743424,Very Critical
11810,642107,Very Critical
13046,721430,Very Critical
10066,788710,Very Critical
2241,851129,Very Critical
14698,673016,Very Critical
12283,607003,Very Critical
5939,756045,Very Critical
7967,441702,Very Critical
5562,683556,Very Critical
5807,673008,Very Critical
9360,400058,Very Critical
15699,410301,Very Critical
5902,793150,Very Critical
7813,401502,Very Critical
19033,411043,Very Critical
18116,411026,Very Critical
14253,394235,Very Critical
6499,764036,Very Critical
10441,262308,Very Critical
15694,411009,Very Critical
15654,400602,Very Critical
9072,688524,Very Critical
17654,671315,Very Critical
8747,394550,Very Critical
14516,575014,Very Critical
15681,411031,Very Critical
17645,683542,Very Critical
7669,415639,Very Critical
1910,787059,Very Critical
9801,799250,Very Critical
13255,600023,Very Critical
2221,784505,Very Critical
16047,688538,Very Critical
3321,845418,Very Critical
2831,396325,Very Critical
5831,799101,Very Critical
9361,400052,Very Critical
19556,793003,Very Critical
13719,735203,Very Critical
16075,682003,Very Critical
1881,786602,Very Critical
5687,680004,Very Critical
3917,184120,Very Critical
5441,577432,Very Critical
8101,411017,Very Critical
5495,576222,Very Critical
7785,402110,Very Critical
5688,680005,Very Critical
3783,175024,Very Critical
11565,600052,Very Critical
19065,691523,Very Critical
11574,600062,Very Critical
13749,721429,Very Critical
8163,410506,Very Critical
17651,691506,Very Critical
2950,396210,Very Critical
17648,690101,Very Critical
11561,601203,Very Critical
12276,607805,Very Critical
18430,394305,Very Critical
19534,400606,Very Critical
9465,411007,Very Critical
19526,410210,Very Critical
14569,683546,Very Critical
9305,403801,Very Critical
16165,673655,Very Critical
2251,851134,Very Critical
13281,604303,Very Critical
9392,400614,Very Critical
5503,576113,Very Critical
12863,734009,Very Critical
15290,603108,Very Critical
14559,683511,Very Critical
5583,682308,Very Critical
5586,683501,Very Critical
9795,401404,Very Critical
18800,600129,Very Critical
5579,682303,Very Critical
12932,733125,Very Critical
14812,401403,Very Critical
14697,673573,Very Critical
8103,411023,Very Critical
17199,786012,Very Critical
1889,786610,Very Critical
3442,854204,Very Critical
8852,180005,Very Critical
15685,411015,Very Critical
16016,581301,Very Critical
9064,576201,Very Critical
10410,248008,Very Critical
7613,403517,Very Critical
7612,403404,Very Critical
4816,676552,Very Critical
19029,411062,Very Critical
9119,690514,Very Critical
5800,673571,Very Critical
5813,673019,Very Critical
16916,273003,Very Critical
3448,854330,Very Critical
12898,732138,Very Critical
15293,603210,Very Critical
2847,396430,Very Critical
2207,784101,Very Critical
12917,737132,Very Critical
11947,641671,Very Critical
3919,181206,Very Critical
14606,680664,Very Critical
16191,673317,Very Critical
1947,782105,Very Critical
4690,671313,Very Critical
17653,670141,Very Critical
19536,401402,Very Critical
6484,764045,Very Critical
12884,735223,Very Critical
12877,735202,Very Critical
9210,676121,Very Critical
17470,600053,Very Critical
15633,400078,Very Critical
17757,781020,Very Critical
14700,673633,Very Critical
19005,400076,Very Critical
17066,683105,Very Critical
18463,683110,Very Critical
3315,845411,Very Critical
15684,411019,Very Critical
5532,688539,Very Critical
16944,248006,Very Critical
7617,403406,Very Critical
5814,673029,Very Critical
4471,422212,Very Critical
4681,670142,Very Critical
17657,676101,Very Critical
18078,400069,Very Critical
15481,786006,Very Critical
2204,784508,Very Critical
9773,180001,Very Critical
4139,504105,Very Critical
16918,273004,Very Critical
10528,249193,Very Critical
7640,415712,Very Critical
5592,685515,Very Critical
15636,400086,Very Critical
172,494771,Very Critical
18093,400610,Very Critical
16049,688534,Very Critical
19458,680002,Very Critical
11567,600055,Very Critical
18021,671318,Very Critical
4473,422213,Very Critical
14598,680684,Very Critical
5716,689691,Very Critical
19063,680503,Very Critical
18096,401401,Very Critical
14600,680732,Very Critical
5685,680652,Very Critical
11348,273202,Very Critical
16230,249204,Very Critical
16024,575017,Very Critical
4787,670702,Very Critical
15889,134202,Very Critical
4720,679331,Very Critical
9109,680686,Very Critical
11952,641664,Very Critical
18121,411068,Very Critical
15068,679578,Very Critical
5575,686502,Very Critical
11089,247662,Very Critical
16118,680021,Very Critical
19371,176304,Very Critical
7239,303904,Very Critical
9197,673011,Very Critical
9363,400099,Very Critical
18912,688525,Very Critical
5704,689693,Very Critical
14173,781125,Very Critical
10429,244713,Very Critical
14582,683104,Very Critical
11498,603406,Very Critical
16041,576102,Very Critical
5879,799289,Very Critical
2841,396409,Very Critical
10079,784154,Very Critical
7606,403704,Very Critical
13041,721426,Very Critical
16598,600056,Very Critical
17219,781371,Very Critical
15612,416231,Very Critical
7755,400706,Very Critical
12820,736134,Very Critical
19076,737101,Very Critical
2990,135103,Very Critical
1992,785662,Very Critical
9835,614713,Very Critical
9051,574202,Very Critical
12924,733156,Very Critical
3356,847404,Very Critical
2836,396040,Very Critical
14717,671533,Very Critical
7940,441222,Very Critical
18536,422214,Very Critical
14588,685501,Very Critical
5138,452016,Very Critical
2192,784147,Very Critical
19463,691008,Very Critical
12866,735301,Very Critical
5576,686506,Very Critical
6490,764071,Very Critical
16652,641202,Very Critical
12285,607301,Very Critical
19017,421005,Very Critical
5925,756048,Very Critical
9047,574122,Very Critical
7817,401103,Very Critical
6461,766108,Very Critical
12050,628502,Very Critical
7921,442606,Very Critical
18123,411067,Very Critical
15640,400102,Very Critical
17106,691004,Very Critical
16354,607102,Very Critical
15658,401302,Very Critical
5906,793102,Very Critical
6464,766011,Very Critical
9193,673009,Very Critical
7805,401501,Very Critical
8753,394101,Very Critical
9077,683112,Very Critical
3447,854329,Very Critical
5747,691536,Very Critical
4900,471405,Very Critical
2931,391510,Very Critical
18014,670594,Very Critical
2053,783360,Very Critical
12942,733133,Very Critical
4677,670571,Very Critical
4724,673638,Very Critical
19008,400060,Very Critical
5762,689107,Very Critical
19245,673101,Very Critical
5489,576211,Very Critical
5709,690522,Very Critical
14721,679326,Very Critical
5867,791113,Very Critical
4815,676108,Very Critical
2835,396540,Very Critical
15287,603102,Very Critical
2947,396020,Very Critical
16100,690516,Very Critical
10914,262121,Very Critical
5675,680563,Very Critical
3422,854104,Very Critical
3333,845428,Very Critical
7809,401603,Very Critical
19511,403712,Very Critical
9483,412208,Very Critical
18718,591113,Very Critical
15350,180004,Very Critical
17666,411002,Very Critical
7773,402309,Very Critical
19597,600042,Very Critical
9244,676301,Very Critical
17231,784104,Very Critical
5654,686633,Very Critical
9460,411018,Very Critical
15600,403726,Very Critical
14557,688537,Very Critical
12789,700145,Very Critical
9212,673637,Very Critical
11576,600044,Very Critical
9100,680309,Very Critical
4828,673574,Very Critical
15360,673305,Very Critical
17576,273010,Very Critical
8749,395003,Very Critical
5718,689646,Very Critical
9408,401206,Very Critical
15926,180016,Very Critical
9404,400608,Very Critical
4785,670706,Very Critical
15487,786146,Very Critical
7769,402209,Very Critical
8752,395002,Very Critical
2959,396126,Very Critical
7787,402111,Very Critical
5732,689695,Very Critical
18119,411040,Very Critical
18799,600073,Very Critical
4988,461771,Very Critical
5374,574210,Very Critical
9459,411003,Very Critical
7951,441903,Very Critical
2196,784510,Very Critical
14622,690505,Very Critical
13276,607402,Very Critical
18215,602106,Very Critical
2240,848202,Very Critical
18559,756060,Very Critical
16528,736172,Very Critical
5917,756042,Very Critical
7240,303904,Very Critical
9386,400026,Very Critical
5745,691574,Very Critical
4823,673525,Very Critical
1670,581320,Very Critical
15075,676508,Very Critical
2226,851111,Very Critical
5842,799144,Very Critical
2231,848204,Very Critical
17982,680022,Very Critical
11342,273304,Very Critical
6514,765015,Very Critical
9467,411016,Very Critical
9060,577205,Very Critical
16600,603103,Very Critical
11560,601202,Very Critical
14706,670593,Very Critical
15109,455440,Very Critical
7793,421306,Very Critical
14806,421602,Very Critical
17981,680655,Very Critical
5950,756081,Very Critical
11334,273201,Very Critical
17977,680103,Very Critical
4480,422403,Very Critical
19092,642114,Very Critical
3319,845302,Very Critical
17991,691003,Very Critical
7818,401605,Very Critical
4463,422402,Very Critical
11611,606803,Very Critical
12879,735205,Very Critical
4876,480667,Very Critical
3325,845422,Very Critical
4603,796007,Very Critical
5808,673017,Very Critical
8149,412108,Very Critical
17916,591246,Very Critical
3283,177001,Very Critical
3374,847235,Very Critical
4661,799210,Very Critical
11558,601206,Very Critical
16003,591156,Very Critical
9135,680631,Very Critical
11514,601103,Very Critical
4613,796701,Very Critical
19170,735208,Very Critical
5690,680586,Very Critical
12856,734427,Very Critical
5895,799284,Very Critical
13054,721444,Very Critical
10557,743401,Very Critical
17950,682034,Very Critical
4667,670612,Very Critical
17101,691555,Very Critical
4712,679325,Very Critical
5810,673003,Very Critical
11564,601204,Very Critical
3915,181141,Very Critical
3237,176052,Very Critical
17857,176044,Very Critical
13270,631601,Very Critical
7705,415404,Very Critical
7762,402308,Very Critical
5934,756040,Very Critical
19204,683585,Very Critical
17067,686540,Very Critical
5942,756047,Very Critical
15361,403601,Very Critical
18063,403529,Very Critical
4668,670011,Very Critical
5669,680519,Very Critical
15903,176501,Very Critical
4719,679334,Very Critical
17060,576106,Very Critical
3436,854312,Very Critical
8597,603319,Very Critical
5627,680682,Very Critical
18065,403402,Very Critical
18959,670014,Very Critical
5729,691312,Very Critical
16125,691571,Very Critical
5893,799253,Very Critical
4800,679571,Very Critical
14585,682310,Very Critical
13704,744102,Very Critical
14716,671311,Very Critical
5996,752116,Very Critical
10558,743422,Very Critical
2045,783130,Very Critical
14561,683577,Very Critical
3871,177204,Very Critical
15081,673513,Very Critical
12289,607005,Very Critical
6443,766017,Very Critical
11562,601203,Very Critical
15691,411042,Very Critical
14666,691560,Very Critical
17398,402208,Very Critical
16599,600077,Very Critical
15687,411006,Very Critical
9004,581330,Very Critical
15071,676307,Very Critical
17367,482021,Very Critical
2236,851211,Very Critical
17312,181224,Very Critical
19341,362226,Very Critical
13245,603202,Very Critical
9354,400037,Very Critical
9368,400085,Very Critical
2219,784178,Very Critical
9031,575003,Very Critical
2220,784506,Very Critical
9375,400079,Very Critical
5379,574217,Very Critical
5331,574144,Very Critical
5383,574221,Very Critical
5362,576117,Very Critical
2852,396463,Very Critical
12880,735206,Very Critical
9013,577123,Very Critical
12404,614714,Very Critical
6088,754102,Very Critical
4143,504251,Very Critical
14979,764055,Very Critical
5597,685505,Very Critical
8850,180007,Very Critical
5540,683565,Very Critical
18914,683589,Very Critical
12946,733127,Very Critical
9022,571214,Very Critical
5543,683581,Very Critical
6330,768108,Very Critical
2966,396055,Very Critical
6367,770037,Very Critical
12940,733142,Very Critical
14786,759103,Very Critical
15193,403509,Very Critical
14484,577120,Very Critical
15506,851115,Very Critical
1971,785631,Very Critical
7328,482001,Very Critical
11816,642205,Very Critical
12930,733210,Very Critical
2760,394716,Very Critical
17016,735209,Very Critical
9323,403203,Very Critical
19047,721441,Very Critical
2765,394355,Very Critical
9240,676305,Very Critical
9339,415614,Very Critical
19230,248012,Very Critical
11513,602026,Very Critical
919,503217,Very Critical
2010,786171,Very Critical
17612,735219,Very Critical
9073,688541,Very Critical
9101,680309,Very Critical
18122,411068,Very Critical
18934,680546,Very Critical
2946,396045,Very Critical
18928,690508,Very Critical
2951,396050,Very Critical
1303,813208,Very Critical
1316,814110,Very Critical
13564,273001,Very Critical
18792,600104,Very Critical
11330,273155,Very Critical
2051,783336,Very Critical
16780,600001,Very Critical
18670,176062,Very Critical
19466,691301,Very Critical
17227,784522,Very Critical
11233,272302,Very Critical
3366,847408,Very Critical
14182,788166,Very Critical
9541,793017,Very Critical
9463,411044,Very Critical
9544,793014,Very Critical
2149,788817,Very Critical
10424,262401,Very Critical
18649,394518,Very Critical
18648,394270,Very Critical
8847,180003,Very Critical
9367,400094,Very Critical
1961,785625,Very Critical
18606,642129,Very Critical
17337,851218,Very Critical
3224,176216,Very Critical
19529,400710,Very Critical
2194,784526,Very Critical
18217,600068,Very Critical
5843,791001,Very Critical
9121,689623,Very Critical
1915,782470,Very Critical
18331,248014,Very Critical
9546,756022,Very Critical
3244,176095,Very Critical
9159,689547,Very Critical
9155,691019,Very Critical
3201,176031,Very Critical
11812,642204,Very Critical
18045,461881,Very Critical
5881,799251,Very Critical
13037,721423,Very Critical
14677,689582,Very Critical
5927,756059,Very Critical
7774,402309,Very Critical
5643,686572,Very Critical
8589,603303,Very Critical
8131,410401,Very Critical
6138,757024,Very Critical
14604,680561,Very Critical
8608,603003,Very Critical
5692,680589,Very Critical
5340,574146,Very Critical
4783,670642,Very Critical
4817,676317,Very Critical
7653,415214,Very Critical
5752,689122,Very Critical
16824,642123,Very Critical
16798,600043,Very Critical
13060,721440,Very Critical
6306,768037,Very Critical
6205,767065,Very Critical
4789,670692,Very Critical
5364,574107,Very Critical
12916,737106,Very Critical
4697,671321,Very Critical
5509,576107,Very Critical
7806,401503,Very Critical
6199,767022,Very Critical
15735,793008,Very Critical
16172,679313,Very Critical
13373,628721,Very Critical
5332,574144,Very Critical
15029,676523,Very Critical
16002,590006,Very Critical
5833,799103,Very Critical
14406,175026,Very Critical
8751,394125,Very Critical
5539,683562,Very Critical
12396,614707,Very Critical
5651,686576,Very Critical
7803,421312,Very Critical
7779,410205,Very Critical
12882,735220,Very Critical
16187,679585,Very Critical
5646,686579,Very Critical
16051,683514,Very Critical
13121,721133,Very Critical
15873,395023,Very Critical
14665,691559,Very Critical
12837,736208,Very Critical
7745,416522,Very Critical
16026,575020,Very Critical
6473,764005,Very Critical
13038,721442,Very Critical
5593,685604,Very Critical
5891,799260,Very Critical
15695,411020,Very Critical
11612,606803,Very Critical
3209,176053,Very Critical
14800,402120,Very Critical
4818,676304,Very Critical
13043,721453,Very Critical
4834,673541,Very Critical
4830,673506,Very Critical
13056,721451,Very Critical
9173,695604,Very Critical
14631,680542,Very Critical
18939,689698,Very Critical
7662,416712,Very Critical
2746,394655,Very Critical
9685,146001,Very Critical
9319,403108,Very Critical
5911,794005,Very Critical
12860,734218,Very Critical
14174,781135,Very Critical
8825,175007,Very Critical
9318,403115,Very Critical
9314,403721,Very Critical
19009,400201,Very Critical
9165,689584,Very Critical
16604,631702,Very Critical
14623,690548,Very Critical
17867,180020,Very Critical
17226,784190,Very Critical
16050,688582,Very Critical
17065,683576,Very Critical
11581,600047,Very Critical
16791,600122,Very Critical
15740,756162,Very Critical
4801,679571,Very Critical
18087,400020,Very Critical
4790,670692,Very Critical
8765,396171,Very Critical
13293,600125,Very Critical
9814,602001,Very Critical
9194,673585,Very Critical
18655,396140,Very Critical
9205,670010,Very Critical
19004,400088,Very Critical
1976,785006,Very Critical
4813,676302,Very Critical
11803,642120,Very Critical
5760,689103,Very Critical
7358,450001,Very Critical
5728,691533,Very Critical
19661,742164,Very Critical
13042,721467,Very Critical
928,503219,Very Critical
11499,631605,Very Critical
7667,415620,Very Critical
16582,711205,Very Critical
2839,396580,Very Critical
17062,688522,Very Critical
3664,813103,Very Critical
5658,686606,Very Critical
4140,504105,Very Critical
19373,176002,Very Critical
5668,690103,Very Critical
10411,248008,Very Critical
19459,679105,Very Critical
5885,799286,Very Critical
6869,144701,Very Critical
16348,626131,Very Critical
2201,784507,Very Critical
2230,851126,Very Critical
19384,181152,Very Critical
5491,576212,Very Critical
5683,680306,Very Critical
11588,632316,Very Critical
17071,686504,Very Critical
13721,734503,Very Critical
19380,177205,Very Critical
13451,611111,Very Critical
16048,688013,Very Critical
14148,785610,Very Critical
19299,781010,Very Critical
5519,574115,Very Critical
13712,734423,Very Critical
11797,642104,Very Critical
10409,248140,Very Critical
19372,176304,Very Critical
14254,394517,Very Critical
5510,576226,Very Critical
14166,783381,Very Critical
10379,246444,Very Critical
9030,575006,Very Critical
10377,246443,Very Critical
18059,403202,Very Critical
16538,735216,Very Critical
9356,400031,Very Critical
16535,734008,Very Critical
16543,735228,Very Critical
19199,786002,Very Critical
16550,733158,Very Critical
19228,248145,Very Critical
5605,685586,Very Critical
15211,415615,Very Critical
3784,175027,Very Critical
9370,400084,Very Critical
5565,686533,Very Critical
2763,394680,Very Critical
11579,600126,Very Critical
1984,785635,Very Critical
1879,786184,Very Critical
4706,676504,Very Critical
15682,411031,Very Critical
4713,679322,Very Critical
16126,691303,Very Critical
2000,785688,Very Critical
9117,686603,Very Critical
5712,689677,Very Critical
12906,737107,Very Critical
8604,603204,Very Critical
15607,403204,Very Critical
5693,680584,Very Critical
5398,574243,Very Critical
7786,402110,Very Critical
18869,783385,Very Critical
14431,174307,Very Critical
7784,402109,Very Critical
7780,402107,Very Critical
392,517589,Very Critical
2954,396120,Very Critical
2146,788155,Very Critical
1310,816108,Very Critical
7777,402305,Very Critical
6800,144210,Very Critical
2949,396193,Very Critical
9242,676107,Very Critical
13292,600019,Very Critical
14514,576111,Very Critical
15680,411035,Very Critical
3206,176001,Very Critical
11009,247001,Very Critical
9763,785621,Very Critical
18154,751022,Very Critical
7814,401502,Very Critical
16955,262405,Very Critical
17147,673504,Very Critical
7810,401604,Very Critical
15628,400033,Very Critical
12354,609313,Very Critical
9245,673106,Very Critical
12918,737132,Very Critical
4624,796009,Very Critical
11572,600124,Very Critical
12908,737116,Very Critical
9108,680566,Very Critical
4678,670581,Very Critical
5282,571236,Very Critical
16132,691589,Very Critical
13247,600018,Very Critical
4689,671316,Very Critical
17473,600059,Very Critical
6214,767037,Very Critical
5442,577432,Very Critical
1424,591143,Very Critical
10093,854203,Very Critical
18469,682024,Very Critical
16874,607308,Very Critical
17248,394325,Very Critical
15288,603102,Very Critical
17286,396065,Very Critical
8768,396195,Very Critical
9126,679563,Very Critical
9125,680544,Very Critical
645,524366,Very Critical
11226,272301,Very Critical
18501,670331,Very Critical
18480,690108,Very Critical
9161,689549,Very Critical
3210,176209,Very Critical
14707,670593,Very Critical
5768,695310,Very Critical
18388,734002,Very Critical
3211,176209,Very Critical
7330,483001,Very Critical
14730,794106,Very Critical
11307,271123,Very Critical
14682,695602,Very Critical
11311,271303,Very Critical
9134,680553,Very Critical
1884,786001,Very Critical
11571,600123,Very Critical
2965,396145,Very Critical
18330,248195,Very Critical
16169,670611,Very Critical
14573,686532,Very Critical
9081,686667,Very Critical
14568,686692,Very Critical
5700,680623,Very Critical
7804,401201,Very Critical
2969,396155,Very Critical
2956,396125,Very Critical
12827,735217,Very Critical
5363,574226,Very Critical
6114,757083,Very Critical
2189,784527,Very Critical
16112,680618,Very Critical
6321,768222,Very Critical
14658,691302,Very Critical
6322,768227,Very Critical
12260,626201,Very Critical
14607,680664,Very Critical
12871,735102,Very Critical
17096,680102,Very Critical
13720,735213,Very Critical
9545,756001,Very Critical
1114,515711,Very Critical
19191,689615,Very Critical
11946,641658,Very Critical
13265,600061,Very Critical
19148,262309,Very Critical
19146,262402,Very Critical
13258,600082,Very Critical
14069,503218,Very Critical
3781,175025,Very Critical
8726,394633,Very Critical
3769,175036,Very Critical
4144,504204,Very Critical
19451,690511,Very Critical
19452,690537,Very Critical
3870,177110,Very Critical
16917,273003,Very Critical
16542,735231,Very Critical
8953,591121,Very Critical
13623,263134,Very Critical
11811,642201,Very Critical
19670,736205,Very Critical
679,506344,Very Critical
13566,273012,Very Critical
16883,609504,Very Critical
18502,670309,Very Critical
7614,403512,Very Critical
10338,263626,Very Critical
10709,262001,Very Critical
4792,670691,Very Critical
16077,685590,Very Critical
16127,691303,Very Critical
14625,690504,Very Critical
14329,177040,Very Critical
7798,421401,Very Critical
19385,181152,Very Critical
8851,180007,Very Critical
16648,643225,Very Critical
10403,248197,Very Critical
10399,248158,Very Critical
3844,173025,Very Critical
10385,246469,Very Critical
7118,313011,Very Critical
16612,606907,Very Critical
8813,176115,Very Critical
3255,176107,Very Critical
8808,177043,Very Critical
13296,600133,Very Critical
13872,581341,Very Critical
10369,246419,Very Critical
7610,403507,Very Critical
13561,271001,Very Critical
14304,176306,Very Critical
10561,743445,Very Critical
18920,682033,Very Critical
3622,845103,Very Critical
7763,402308,Very Critical
3621,845451,Very Critical
15912,177005,Very Critical
7767,402103,Very Critical
10998,262907,Very Critical
11001,262905,Very Critical
18937,680654,Very Critical
7771,402104,Very Critical
18927,690572,Very Critical
6799,144213,Very Critical
14313,176217,Very Critical
14378,845452,Very Critical
15656,421101,Very Critical
4459,422203,Very Critical
1311,814102,Very Critical
14405,175037,Very Critical
17093,690531,Very Critical
14408,175045,Very Critical
7781,402303,Very Critical
14515,574509,Very Critical
17094,690102,Very Critical
3624,845453,Very Critical
3626,845306,Very Critical
3924,180002,Very Critical
9012,577181,Very Critical
19537,401402,Very Critical
3920,181202,Very Critical
16478,273203,Very Critical
10504,249001,Very Critical
19527,410204,Very Critical
13708,734101,Very Critical
3916,184121,Very Critical
3912,181101,Very Critical
13715,734001,Very Critical
10475,262501,Very Critical
10431,263148,Very Critical
3630,845455,Very Critical
19499,679587,Very Critical
7213,321204,Very Critical
19488,670018,Very Critical
19468,691504,Very Critical
19467,691504,Very Critical
3885,177211,Very Critical
13705,744102,Very Critical
16235,263138,Very Critical
16469,274409,Very Critical
14151,785633,Very Critical
14630,690107,Very Critical
4717,673634,Very Critical
1684,581348,Very Critical
15925,181124,Very Critical
17100,689694,Very Critical
10051,783361,Very Critical
14574,686532,Very Critical
9454,411032,Very Critical
10041,786126,Very Critical
18759,764004,Very Critical
9084,686545,Very Critical
10046,786125,Very Critical
6449,766012,Very Critical
3228,176215,Very Critical
9104,680689,Very Critical
4696,671124,Very Critical
3238,176061,Very Critical
16167,670621,Very Critical
16166,673027,Very Critical
17113,689614,Very Critical
18784,603211,Very Critical
1667,581353,Very Critical
4609,796081,Very Critical
14558,688540,Very Critical
4610,796005,Very Critical
17126,670521,Very Critical
8603,603107,Very Critical
8586,603313,Very Critical
4634,797111,Very Critical
7811,401606,Very Critical
10080,784026,Very Critical
14683,695609,Very Critical
16207,229304,Very Critical
11229,272124,Very Critical
17142,670672,Very Critical
1665,581324,Very Critical
4662,799210,Very Critical
18490,689108,Very Critical
14555,688007,Very Critical
3240,176076,Very Critical
4735,678601,Very Critical
1430,590018,Very Critical
14654,691583,Very Critical
11088,247121,Very Critical
4675,670007,Very Critical
10082,784001,Very Critical
18717,590003,Very Critical
7800,421103,Very Critical
3452,854304,Very Critical
4682,670306,Very Critical
13285,600099,Very Critical
3443,854102,Very Critical
3218,176022,Very Critical
17129,679307,Very Critical
13062,721452,Very Critical
4730,673636,Very Critical
16044,688012,Very Critical
14639,680604,Very Critical
16027,575004,Very Critical
4797,679576,Very Critical
1648,581106,Very Critical
14671,689532,Very Critical
3431,855113,Very Critical
168,494665,Very Critical
4725,673638,Very Critical
16120,689668,Very Critical
16110,680555,Very Critical
9120,690110,Very Critical
4743,679552,Very Critical
9145,691322,Very Critical
6466,764049,Very Critical
4746,679308,Very Critical
18678,180015,Very Critical
14620,686607,Very Critical
16093,686009,Very Critical
14627,690512,Very Critical
3247,176063,Very Critical
18650,394518,Very Critical
6483,764040,Very Critical
16054,686665,Very Critical
1671,581320,Very Critical
4917,488446,Very Critical
16162,673301,Very Critical
4701,671551,Very Critical
8591,603203,Very Critical
7819,421303,Very Critical
18504,670649,Very Critical
4806,676501,Very Critical
4808,676553,Very Critical
16015,581308,Very Critical
4820,673524,Very Critical
3285,177301,Very Critical
6539,762016,Very Critical
4865,481668,Very Critical
9129,679562,Very Critical
18637,394245,Very Critical
13049,721450,Very Critical
4802,679580,Very Critical
9127,679563,Very Critical
13048,721431,Very Critical
6493,764086,Very Critical
3357,847404,Very Critical
16060,686515,Very Critical
16057,686101,Very Critical
10083,851114,Very Critical
4722,676525,Very Critical
18947,689115,Very Critical
15034,679327,Very Critical
5395,574239,Very Critical
2845,396450,Very Critical
5501,576233,Very Critical
15227,416801,Very Critical
5490,576211,Very Critical
5504,576113,Very Critical
9365,400096,Very Critical
15032,679330,Very Critical
17683,744101,Very Critical
1891,786191,Very Critical
1948,782101,Very Critical
9409,401607,Very Critical
5731,691508,Very Critical
17855,176057,Very Critical
3179,176308,Very Critical
5894,799278,Very Critical
5901,793101,Very Critical
3183,176309,Very Critical
17989,691572,Very Critical
9164,689586,Very Critical
17768,851118,Very Critical
5647,686579,Very Critical
9170,695311,Very Critical
5392,574231,Very Critical
5384,574222,Very Critical
5382,574220,Very Critical
5339,574142,Very Critical
15194,403516,Very Critical
18152,751006,Very Critical
18149,793107,Very Critical
12480,614708,Very Critical
16782,600013,Very Critical
15700,410301,Very Critical
19434,682304,Very Critical
15077,673304,Very Critical
5334,574153,Very Critical
15606,403103,Very Critical
5514,574106,Very Critical
5375,574211,Very Critical
6121,757052,Very Critical
8075,414505,Very Critical
5513,574105,Very Critical
18015,670594,Very Critical
6118,757082,Very Critical
17963,680663,Very Critical
5511,576226,Very Critical
9707,723132,Very Critical
5370,574114,Very Critical
2844,396415,Very Critical
18024,673635,Very Critical
5736,690542,Very Critical
17303,175019,Very Critical
5723,689711,Very Critical
15733,793002,Very Critical
5719,689678,Very Critical
5656,686613,Very Critical
5606,685582,Very Critical
5608,685587,Very Critical
5721,689647,Very Critical
18462,688532,Very Critical
18450,177601,Very Critical
5179,577136,Very Critical
5614,680312,Very Critical
5880,799273,Very Critical
5918,756042,Very Critical
17359,799015,Very Critical
11298,271401,Very Critical
18058,403201,Very Critical
5665,690509,Very Critical
5851,791122,Very Critical
12290,607205,Very Critical
9389,400032,Very Critical
14695,673616,Very Critical
14801,402126,Very Critical
16164,673014,Very Critical
7987,441106,Very Critical
1962,785625,Very Critical
9413,401506,Very Critical
18036,673306,Very Critical
17297,177041,Very Critical
12281,608801,Very Critical
12852,734223,Very Critical
12811,744104,Very Critical
14764,757027,Very Critical
1896,787026,Very Critical
5886,799254,Very Critical
5724,689672,Very Critical
15291,603108,Very Critical
7965,441701,Very Critical
5119,464671,Very Critical
5184,577117,Very Critical
17745,786623,Very Critical
14779,752002,Very Critical
9163,689594,Very Critical
17868,181204,Very Critical
12275,608502,Very Critical
5619,680671,Very Critical
5884,799271,Very Critical
18020,670143,Very Critical
9369,400085,Very Critical
5189,577139,Very Critical
2171,788832,Very Critical
5847,790114,Very Critical
15042,679336,Very Critical
12381,610004,Very Critical
12044,627713,Very Critical
17081,680302,Very Critical
17083,680731,Very Critical
7744,416519,Very Critical
16233,263145,Very Critical
7672,415803,Very Critical
15909,174013,Very Critical
7333,483053,Very Critical
5664,690106,Very Critical
18061,403409,Very Critical
17987,690574,Very Critical
6212,767066,Very Critical
5283,571236,Very Critical
5823,673581,Very Critical
18954,695522,Very Critical
17975,680505,Very Critical
9320,403108,Very Critical
17646,683542,Very Critical
18062,403409,Very Critical
5686,680653,Very Critical
12355,609313,Very Critical
18278,609311,Very Critical
18277,609311,Very Critical
9812,600016,Very Critical
18790,600090,Very Critical
17072,686504,Very Critical
9067,576225,Very Critical
7747,416516,Very Critical
11638,641201,Very Critical
14170,783375,Very Critical
3755,175102,Very Critical
9058,577401,Very Critical
19014,410102,Very Critical
14195,784111,Very Critical
9248,673310,Very Critical
6500,764036,Very Critical
9802,793001,Very Critical
7665,415609,Very Critical
7742,416520,Very Critical
16390,610207,Very Critical
16389,610103,Very Critical
16382,611104,Very Critical
8767,396001,Very Critical
7668,416701,Very Critical
7718,416605,Very Critical
7728,416811,Very Critical
18962,670004,Very Critical
7732,416812,Very Critical
7740,416521,Very Critical
5541,683565,Very Critical
18097,401703,Very Critical
12919,737135,Very Critical
9560,751007,Very Critical
5573,686518,Very Critical
17431,262124,Very Critical
11584,600130,Very Critical
9315,403721,Very Critical
2747,394655,Very Critical
9307,403802,Very Critical
2833,396521,Very Critical
5995,752118,Very Critical
403,517541,Very Critical
9557,751012,Very Critical
2254,847104,Very Critical
5711,689674,Very Critical
17577,273010,Very Critical
17949,686104,Very Critical
5420,577430,Very Critical
18468,686542,Very Critical
2228,851120,Very Critical
2214,784501,Very Critical
18120,411070,Very Critical
5809,673017,Very Critical
17928,575015,Very Critical
17546,607109,Very Critical
5578,686501,Very Critical
5564,686541,Very Critical
9215,679305,Very Critical
5715,689648,Very Critical
9247,673102,Very Critical
15078,673527,Very Critical
2050,783372,Very Critical
5801,673604,Very Critical
18060,403202,Very Critical
5676,680563,Very Critical
5938,756041,Very Critical
5563,683556,Very Critical
5928,756056,Very Critical
9200,670008,Very Critical
17875,182320,Very Critical
15696,411011,Very Critical
9209,671122,Very Critical
5222,577517,Very Critical
5224,577556,Very Critical
9211,676121,Very Critical
9340,415614,Very Critical
1978,785108,Very Critical
9311,403725,Very Critical
2193,784147,Very Critical
9213,673637,Very Critical
1980,785015,Very Critical
13504,281001,Critical
13935,362265,Critical
18038,462016,Critical
9784,577201,Critical
4268,413002,Critical
7991,441203,Critical
13801,831012,Critical
8554,335704,Critical
7242,303303,Critical
9332,416002,Critical
9748,500002,Critical
2770,392110,Critical
9510,425001,Critical
13551,276001,Critical
3967,190006,Critical
8980,580025,Critical
11003,250611,Critical
17717,500009,Critical
3961,193411,Critical
11944,641687,Critical
18683,190012,Critical
8029,445204,Critical
10006,532001,Critical
9420,444606,Critical
4274,431105,Critical
12160,625516,Critical
9497,431203,Critical
15326,524101,Critical
14828,442402,Critical
5448,572117,Critical
12756,741402,Critical
15957,831011,Critical
18228,641037,Critical
1482,586203,Critical
1109,515004,Critical
14741,754005,Critical
9968,523155,Critical
2937,391430,Critical
16019,577005,Critical
9262,480334,Critical
5356,571302,Critical
10750,211019,Critical
7898,443301,Critical
10119,803118,Critical
17413,415003,Critical
761,521185,Critical
9192,695010,Critical
13612,226014,Critical
9653,141008,Critical
13360,629002,Critical
8054,414111,Critical
19264,500031,Critical
11660,636704,Critical
11822,636108,Critical
14079,509104,Critical
15404,500091,Critical
11076,247774,Critical
10696,281204,Critical
6248,759017,Critical
742,521104,Critical
8345,342311,Critical
13900,382722,Critical
3968,190006,Critical
12550,620102,Critical
13689,743128,Critical
18428,388307,Critical
11691,638751,Critical
16970,700022,Critical
8574,632404,Critical
9250,462001,Critical
2352,382220,Critical
8928,560025,Critical
13678,700030,Critical
7103,313211,Critical
19075,605757,Critical
18684,190012,Critical
8193,415114,Critical
13621,249401,Critical
16562,713420,Critical
13580,208002,Critical
9570,753009,Critical
9785,577201,Critical
13744,713405,Critical
11945,641687,Critical
6417,761003,Critical
800,531032,Critical
2216,784168,Critical
520,524413,Critical
15106,453771,Critical
11715,638506,Critical
17902,560081,Critical
788,531033,Critical
2924,390019,Critical
17538,625518,Critical
11094,247342,Critical
7514,456006,Critical
16754,331021,Critical
18752,769013,Critical
18653,391345,Critical
1775,533262,Critical
13892,385505,Critical
2311,110073,Critical
2895,395005,Critical
18128,413709,Critical
6843,144024,Critical
13379,625501,Critical
8833,171013,Critical
19239,389151,Critical
9421,444606,Critical
16750,344024,Critical
15461,521102,Critical
8074,413703,Critical
8188,415111,Critical
5229,577528,Critical
2578,361345,Critical
8537,335021,Critical
11122,276304,Critical
15958,831011,Critical
1372,562162,Critical
12997,713122,Critical
13672,700028,Critical
9881,500114,Critical
15306,604102,Critical
11255,274405,Critical
10432,263159,Critical
8834,171013,Critical
13192,302005,Critical
16565,713502,Critical
17401,441914,Critical
18298,221006,Critical
15838,382428,Critical
19236,841418,Critical
18268,628753,Critical
2771,392110,Critical
16278,222201,Critical
3816,171209,Critical
19477,695032,Critical
3798,172101,Critical
16492,208020,Critical
9333,416002,Critical
13668,700055,Critical
15742,751024,Critical
13380,625501,Critical
18008,695124,Critical
13499,207403,Critical
801,531032,Critical
5230,577528,Critical
10279,261125,Critical
11093,247551,Critical
13552,276001,Critical
1460,583214,Critical
5163,581329,Critical
6327,768212,Critical
762,521185,Critical
10575,731241,Critical
15670,440025,Critical
19314,492003,Critical
19502,462041,Critical
1841,530052,Critical
12081,625214,Critical
14968,761125,Critical
16978,700072,Critical
14816,444302,Critical
1872,535145,Critical
16217,228125,Critical
2892,394530,Critical
1483,586203,Critical
10902,243302,Critical
10820,231307,Critical
7069,323023,Critical
11686,638116,Critical
7893,443303,Critical
9288,450110,Critical
14259,390014,Critical
8944,560072,Critical
8030,445204,Critical
10798,231225,Critical
11670,636805,Critical
6390,761133,Critical
16330,627352,Critical
11253,274404,Critical
1742,535521,Critical
14903,424203,Critical
5458,572221,Critical
10255,229301,Critical
72,805128,Critical
71,805127,Critical
7030,326512,Critical
17038,712502,Critical
12448,621716,Critical
4247,413725,Critical
358,516362,Critical
15390,506011,Critical
19657,700038,Critical
10554,743701,Critical
2453,383255,Critical
17689,506004,Critical
13901,382722,Critical
5427,577230,Critical
941,503122,Critical
986,502294,Critical
2816,387380,Critical
8987,591308,Critical
19664,741232,Critical
12474,621214,Critical
653,523169,Critical
18039,462016,Critical
17845,390008,Critical
3962,193411,Critical
17690,506001,Critical
1045,506315,Critical
13383,625012,Critical
15988,560023,Critical
19157,742407,Critical
5434,577219,Critical
11642,641105,Critical
9749,500002,Critical
10007,532001,Critical
10368,246422,Critical
18701,560065,Critical
9282,453555,Critical
1190,516108,Critical
5164,581329,Critical
1445,583117,Critical
17033,713323,Critical
1937,782002,Critical
15775,761115,Critical
19028,442111,Critical
6310,768036,Critical
13209,331503,Critical
13936,362265,Critical
7993,442304,Critical
9969,523166,Critical
1618,585316,Critical
6877,144626,Critical
10172,224157,Critical
14015,523187,Critical
14869,415115,Critical
2579,361345,Critical
14688,695564,Critical
1090,501121,Critical
3597,841234,Critical
14742,754005,Critical
14652,691308,Critical
18853,522241,Critical
2641,370645,Critical
8769,134003,Critical
9522,413512,Critical
10672,283203,Critical
9788,471001,Critical
13607,226016,Critical
13603,226003,Critical
8112,412206,Critical
9481,412106,Critical
15363,422101,Critical
2593,362220,Critical
2977,134203,Critical
9271,470002,Critical
17010,700103,Critical
4838,481001,Critical
7054,326519,Critical
12172,625531,Critical
15888,134112,Critical
8114,410501,Critical
15380,626123,Critical
9647,160019,Critical
4974,487001,Critical
13784,721101,Critical
16941,226024,Critical
8140,412213,Critical
11078,251201,Critical
14427,174103,Critical
6487,764059,Critical
13729,713303,Critical
17637,184101,Critical
1936,782123,Critical
19570,140604,Critical
12264,626203,Critical
11049,244412,Critical
2996,133204,Critical
6263,758035,Critical
5070,470004,Critical
8120,411025,Critical
201,495445,Critical
2980,134204,Critical
9751,517644,Critical
7063,324010,Critical
7329,482004,Critical
16936,226023,Critical
9826,628001,Critical
9752,534260,Critical
15346,362001,Critical
18181,160009,Critical
18657,134114,Critical
3838,173001,Critical
15790,160030,Critical
4993,487118,Critical
14267,134007,Critical
6033,755026,Critical
9777,814101,Critical
18382,700149,Critical
12801,743347,Critical
4888,462101,Critical
18659,134117,Critical
14441,184102,Critical
17600,700151,Critical
4179,506169,Critical
3862,174102,Critical
2609,362015,Critical
10996,262902,Critical
6298,768027,Critical
6097,754141,Critical
5060,470117,Critical
9461,411037,Critical
15352,833201,Critical
12791,743338,Critical
10689,205264,Critical
3857,173229,Critical
10238,226026,Critical
298,496111,Critical
8104,412401,Critical
11479,225302,Critical
3883,174301,Critical
15789,160018,Critical
12234,628103,Critical
11041,244102,Critical
11343,273014,Critical
6277,758034,Critical
16967,731101,Critical
10550,743273,Critical
3842,173021,Critical
12173,625531,Critical
4446,431805,Critical
3851,173205,Critical
12256,626189,Critical
1305,816107,Critical
9523,413512,Critical
10921,246725,Critical
13129,721304,Critical
12787,743349,Critical
10606,731236,Critical
269,491666,Critical
17869,184142,Critical
4456,431807,Critical
12159,625515,Critical
18322,226009,Critical
8838,173225,Critical
11523,605109,Critical
12796,743395,Critical
5987,756126,Critical
5969,756101,Critical
17847,133006,Critical
10924,246731,Critical
17201,782143,Critical
13075,712105,Critical
4045,825410,Critical
9851,263001,Critical
12174,625532,Critical
13239,631001,Critical
3223,176403,Critical
11055,244301,Critical
10231,226104,Critical
14458,828121,Critical
11018,250221,Critical
14917,431743,Critical
9827,628001,Critical
11026,250223,Critical
6216,767025,Critical
3483,852128,Critical
14372,841409,Critical
19668,700148,Critical
15919,173201,Critical
7336,482005,Critical
6791,145025,Critical
11039,244501,Critical
14922,422222,Critical
10423,263139,Critical
17009,700153,Critical
8115,410513,Critical
1331,833220,Critical
9476,412107,Critical
3846,173024,Critical
16309,244402,Critical
12162,625528,Critical
2983,133101,Critical
13159,721102,Critical
5985,756111,Critical
9622,770048,Critical
3584,841438,Critical
12786,743337,Critical
12803,743355,Critical
18141,422301,Critical
16650,642103,Critical
11388,209602,Critical
6261,758021,Critical
10936,246746,Critical
16202,226101,Critical
11345,273301,Critical
16201,226202,Critical
16203,226021,Critical
10929,246722,Critical
17444,144224,Critical
7430,457772,Critical
4439,431714,Critical
4437,431802,Critical
6478,764047,Critical
14352,813102,Critical
8130,412205,Critical
13134,721124,Critical
3480,852219,Critical
6051,755018,Critical
4880,480994,Critical
13128,721513,Critical
16307,244241,Critical
9739,721635,Critical
10673,283203,Critical
1732,535591,Critical
8113,412206,Critical
6995,327801,Critical
13078,712512,Critical
1941,782104,Critical
8172,412212,Critical
6793,145001,Critical
268,491229,Critical
4989,461228,Critical
13074,712134,Critical
9482,412106,Critical
2979,134109,Critical
15100,470221,Critical
5967,756168,Critical
6503,764037,Critical
6485,764044,Critical
6502,765013,Critical
15886,134103,Critical
7064,324010,Critical
15050,678508,Critical
160,494556,Critical
3845,173101,Critical
3854,171102,Critical
18749,768028,Critical
11805,642004,Critical
13601,226018,Critical
16872,628304,Critical
8136,410503,Critical
7528,473113,Critical
8842,173202,Critical
3864,173214,Critical
10237,226002,Critical
3582,841501,Critical
13604,226003,Critical
18222,632008,Critical
6311,768103,Critical
6175,752021,Critical
14919,431713,Critical
11325,273412,Critical
14915,431742,Critical
6264,758035,Critical
18326,226031,Critical
18658,134113,Critical
4447,431806,Critical
6225,767030,Critical
14434,177212,Critical
3589,841423,Critical
9270,470118,Critical
13080,712146,Critical
3616,841506,Critical
6996,327801,Critical
6505,764021,Critical
16240,246113,Critical
11051,244104,Critical
6479,764075,Critical
6453,766106,Critical
13785,721101,Critical
15588,482011,Critical
8569,631151,Critical
13787,721657,Critical
13803,832403,Critical
15920,173201,Critical
15618,415601,Critical
16200,226401,Critical
3369,847452,Critical
8563,631051,Critical
11035,244304,Critical
9829,626001,Critical
13611,226006,Critical
3573,841405,Critical
5073,470120,Critical
3469,852113,Critical
6313,768040,Critical
8561,631003,Critical
10930,246727,Critical
12266,626003,Critical
12090,625702,Critical
8566,631052,Critical
12088,625703,Critical
14426,173023,Critical
9680,145024,Critical
8562,631003,Critical
8121,411025,Critical
13608,226016,Critical
12785,743370,Critical
9789,471001,Critical
14350,852112,Critical
13730,713303,Critical
4434,431722,Critical
15587,482020,Critical
8874,828103,Critical
4122,504110,Critical
17785,495455,Critical
19572,160020,Critical
6805,144222,Critical
3933,184104,Critical
13650,743428,Critical
6795,145023,Critical
13427,626135,Critical
17865,173210,Critical
18182,160009,Critical
14376,841507,Critical
2252,847201,Critical
8775,133001,Critical
10292,261204,Critical
18223,632008,Critical
5419,577429,Critical
14026,521229,Critical
13240,631001,Critical
6142,757022,Critical
16308,244236,Critical
8707,362002,Critical
15589,482011,Critical
17669,764020,Critical
12343,609301,Critical
11043,244242,Critical
13146,721301,Critical
12169,625529,Critical
1296,816104,Critical
6124,757084,Critical
3590,841423,Critical
12078,625514,Critical
15787,160002,Critical
7676,415801,Critical
3850,173212,Critical
6267,758078,Critical
18323,226009,Critical
4906,471301,Critical
4448,431719,Critical
13142,721306,Critical
16377,609118,Critical
4134,504323,Critical
9648,160022,Critical
16963,700061,Critical
12779,743372,Critical
4129,504109,Critical
217,495448,Critical
11274,274305,Critical
15364,422101,Critical
11338,273162,Critical
13400,625520,Critical
10233,226303,Critical
307,496113,Critical
2976,134201,Critical
1332,833220,Critical
10986,262724,Critical
4429,431810,Critical
3858,173229,Critical
4453,431723,Critical
12168,625527,Critical
2984,133101,Critical
3477,852116,Critical
3613,841243,Critical
7656,415602,Critical
12359,609106,Critical
6202,767048,Critical
12775,743503,Critical
4457,431807,Critical
15822,326530,Critical
16352,626002,Critical
16305,250110,Critical
14916,431742,Critical
16258,731129,Critical
10938,246747,Critical
10907,243504,Critical
18269,628105,Critical
2997,133204,Critical
1271,814133,Critical
3583,841501,Critical
9935,517646,Critical
10937,246746,Critical
2982,133005,Critical
14371,841407,Critical
10038,785698,Critical
15779,763003,Critical
3861,173220,Critical
14432,174306,Critical
15887,134005,Critical
17638,184101,Critical
6358,770011,Critical
15313,721602,Critical
14027,521229,Critical
7331,482051,Critical
6347,770013,Critical
7332,482051,Critical
18178,763001,Critical
12259,626005,Critical
3370,847452,Critical
15788,160015,Critical
19071,160017,Critical
15086,471105,Critical
4123,504002,Critical
8839,173204,Critical
15314,721603,Critical
4982,461111,Critical
5957,756134,Critical
11165,271881,Critical
9681,145024,Critical
3839,173001,Critical
8564,631051,Critical
15098,470051,Critical
12235,628103,Critical
972,505503,Critical
973,505504,Critical
16584,721135,Critical
11164,271875,Critical
1731,535579,Critical
8570,631151,Critical
8837,173218,Critical
6034,755026,Critical
4994,487118,Critical
6488,764059,Critical
13401,625520,Critical
18416,721606,Critical
18044,461122,Critical
7438,457555,Critical
13545,244926,Critical
16937,226023,Critical
19645,226027,Critical
9477,412107,Critical
12231,628401,Critical
12799,743609,Critical
5054,470001,Critical
9595,767067,Critical
760,521230,Critical
3867,174303,Critical
16943,226022,Critical
17202,782143,Critical
8567,631052,Critical
17596,731104,Critical
4839,481001,Critical
15786,160101,Critical
2594,362220,Critical
12230,628401,Critical
18043,461114,Critical
12790,743354,Critical
11591,606903,Critical
4975,487001,Critical
6467,764051,Critical
17664,440002,Critical
9513,431601,Critical
19248,442401,Critical
7992,442001,Critical
8155,410505,Critical
8076,413304,Critical
8640,110005,Critical
17658,416003,Critical
15846,364001,Critical
19318,380054,Critical
11015,250001,Critical
2772,393002,Critical
6896,305801,Critical
2628,370201,Critical
9770,135001,Critical
4533,431513,Critical
13548,251001,Critical
10126,800001,Critical
3063,123401,Critical
7626,416001,Critical
3025,121002,Critical
15584,452010,Critical
9790,416012,Critical
9841,243001,Critical
15344,382721,Critical
8632,110006,Critical
2319,382433,Critical
8674,380013,Critical
15002,148101,Critical
7432,457773,Critical
3903,193201,Critical
2617,370110,Critical
15550,110033,Critical
17671,302004,Critical
8926,560043,Critical
13605,226012,Critical
1376,562123,Critical
16743,302039,Critical
8449,332001,Critical
9525,431401,Critical
7407,458441,Critical
13493,282002,Critical
8661,110064,Critical
15371,148001,Critical
15200,416216,Critical
18619,380052,Critical
8669,110027,Critical
7263,303007,Critical
18715,560079,Critical
11727,635126,Critical
2383,382470,Critical
17802,380061,Critical
15891,121006,Critical
3150,124103,Critical
1084,500090,Critical
3167,131101,Critical
16683,641602,Critical
15834,380002,Critical
7422,457661,Critical
2321,382427,Critical
11640,641006,Critical
3074,125033,Critical
8677,380005,Critical
8881,826001,Critical
8236,344001,Critical
15702,415110,Critical
4310,431517,Critical
17643,572101,Critical
8624,110096,Critical
6613,147201,Critical
9295,456010,Critical
15332,533101,Critical
2991,135003,Critical
3138,136135,Critical
13197,302033,Critical
12599,282006,Critical
8627,110088,Critical
14285,126112,Critical
8521,335512,Critical
329,493118,Critical
8197,322201,Critical
15354,560004,Critical
17809,380022,Critical
2331,385310,Critical
7864,444906,Critical
7622,416112,Critical
19412,560053,Critical
9434,440001,Critical
8712,360006,Critical
7359,450331,Critical
17897,560085,Critical
8940,560073,Critical
8536,335701,Critical
10220,203207,Critical
4932,454001,Critical
15582,452002,Critical
3103,126116,Critical
2420,384315,Critical
19240,580020,Critical
17718,500049,Critical
3117,132107,Critical
3034,122505,Critical
8316,333001,Critical
9888,500012,Critical
10123,800004,Critical
2508,364002,Critical
11958,641605,Critical
18833,500035,Critical
19050,711204,Critical
13488,282005,Critical
15415,500051,Critical
19277,500037,Critical
19361,122052,Critical
331,493221,Critical
15348,171001,Critical
8509,307026,Critical
11097,242001,Critical
8211,322230,Critical
9490,413005,Critical
77,800008,Critical
14081,506002,Critical
2711,363030,Critical
18830,500074,Critical
13306,641004,Critical
10957,241001,Critical
11466,225001,Critical
18347,700124,Critical
15407,500077,Critical
7454,465667,Critical
17806,382480,Critical
17502,641652,Critical
4329,431515,Critical
15968,560077,Critical
7314,454660,Critical
10273,261001,Critical
13577,208011,Critical
739,520007,Critical
11030,250103,Critical
12862,734005,Critical
9957,522001,Critical
9901,500011,Critical
7373,451001,Critical
13949,363530,Critical
18368,700073,Critical
322,493449,Critical
19213,560056,Critical
9978,520002,Critical
18699,560067,Critical
8779,121007,Critical
2507,364004,Critical
2526,364240,Critical
18820,500038,Critical
13183,324006,Critical
18895,490026,Critical
18978,462011,Critical
17792,110093,Critical
3079,125052,Critical
13330,637001,Critical
15233,344022,Critical
7299,453441,Critical
9492,431001,Critical
8384,341508,Critical
7553,475110,Critical
15159,302026,Critical
8495,343029,Critical
11083,247776,Critical
18836,500050,Critical
3031,122102,Critical
7165,301030,Critical
9329,416115,Critical
17714,500010,Critical
9780,577501,Critical
8529,335523,Critical
9756,524001,Critical
4362,425412,Critical
9437,440022,Critical
1072,501505,Critical
18436,500036,Critical
15319,502103,Critical
15993,560040,Critical
19269,500068,Critical
9847,209801,Critical
10217,201204,Critical
10252,229001,Critical
9806,151203,Critical
10710,281004,Critical
3895,193222,Critical
4261,413213,Critical
15991,560003,Critical
2558,360510,Critical
15538,490023,Critical
8787,122001,Critical
9990,520001,Critical
5108,486886,Critical
8968,585401,Critical
4466,422004,Critical
13600,226017,Critical
4871,480661,Critical
9966,522601,Critical
15984,560097,Critical
647,524002,Critical
15425,500015,Critical
339,492009,Critical
15410,500013,Critical
3145,124501,Critical
9905,500047,Critical
7296,452020,Critical
16630,638002,Critical
15997,562125,Critical
7424,457887,Critical
10300,228001,Critical
14084,500005,Critical
8914,560016,Critical
4512,413507,Critical
3047,122103,Critical
9955,522003,Critical
10707,281403,Critical
9690,144003,Critical
9432,440030,Critical
9844,274001,Critical
19289,530026,Critical
6928,305404,Critical
17347,501301,Critical
9747,500004,Critical
8165,412202,Critical
7324,454774,Critical
2529,364140,Critical
18103,444805,Critical
2564,361335,Critical
13597,201301,Critical
9517,422011,Critical
15950,834005,Critical
6617,147101,Critical
8762,390023,Critical
7182,301701,Critical
2425,384240,Critical
10009,530003,Critical
4460,422013,Critical
14303,131402,Critical
8931,560018,Critical
19349,390006,Critical
15578,452012,Critical
9576,753001,Critical
7474,466331,Critical
18840,500085,Critical
13310,641018,Critical
8983,582101,Critical
8143,412403,Critical
16948,249201,Critical
7289,303704,Critical
15877,390018,Critical
2290,492099,Critical
9838,206001,Critical
15356,585101,Critical
11849,637502,Critical
9504,424001,Critical
11936,641668,Critical
2459,383205,Critical
16877,639001,Critical
7279,303103,Critical
7884,443101,Critical
8128,412203,Critical
7238,302012,Critical
2370,382170,Critical
10019,530046,Critical
6754,152123,Critical
6701,151502,Critical
3133,136128,Critical
2925,390009,Critical
6634,148021,Critical
15828,302031,Critical
1069,501218,Critical
17906,560021,Critical
6652,148028,Critical
8551,335051,Critical
7414,458110,Critical
6981,312601,Critical
9953,522006,Critical
15399,500028,Critical
19654,700008,Critical
8280,331001,Critical
8110,413130,Critical
9890,500048,Critical
17043,712311,Critical
18621,382340,Critical
1363,562110,Critical
11645,641107,Critical
7218,328001,Critical
4341,425508,Critical
15417,500079,Critical
18862,530020,Critical
8939,560041,Critical
7377,451551,Critical
2326,385320,Critical
89,803201,Critical
2374,382007,Critical
11698,638003,Critical
13278,605009,Critical
6770,142047,Critical
7717,415411,Critical
8087,413107,Critical
14854,412105,Critical
19234,508116,Critical
4201,415501,Critical
3162,131021,Critical
1409,587313,Critical
2620,370140,Critical
4501,413531,Critical
4486,413520,Critical
3057,123029,Critical
1358,562160,Critical
5231,577002,Critical
15318,509125,Critical
6856,144002,Critical
17008,700084,Critical
16926,208010,Critical
18756,760006,Critical
10534,743235,Critical
7480,465441,Critical
3936,194103,Critical
1552,580023,Critical
18634,360026,Critical
12323,612001,Critical
18362,700009,Critical
13683,741101,Critical
14858,412409,Critical
16273,211008,Critical
13324,638004,Critical
9006,584101,Critical
15383,207001,Critical
9983,520003,Critical
14279,122506,Critical
3104,126115,Critical
2378,382010,Critical
4534,431513,Critical
8784,121010,Critical
2303,110076,Critical
16745,302034,Critical
17793,110083,Critical
4250,413216,Critical
4522,413601,Critical
10769,222002,Critical
4851,481661,Critical
3132,136132,Critical
8106,413102,Critical
19255,641301,Critical
2795,392220,Critical
2562,361210,Critical
6021,753004,Critical
17849,122008,Critical
9280,452001,Critical
18184,141015,Critical
11027,250342,Critical
9478,412308,Critical
7871,444808,Critical
2680,363642,Critical
12098,625009,Critical
11953,641666,Critical
6422,761105,Critical
11842,636006,Critical
2822,388620,Critical
10608,700157,Critical
19030,411028,Critical
19322,380055,Critical
19575,141016,Critical
7019,326001,Critical
2329,385120,Critical
15534,821115,Critical
15580,452005,Critical
15970,560005,Critical
13348,636005,Critical
4104,834010,Critical
15982,560054,Critical
19266,500059,Critical
7278,302029,Critical
14257,394120,Critical
15321,502220,Critical
19506,452009,Critical
6402,761012,Critical
18632,370210,Critical
114,821109,Critical
19132,201011,Critical
9035,570016,Critical
2642,370105,Critical
4517,413606,Critical
13676,700052,Critical
14076,502300,Critical
5287,562101,Critical
10588,731204,Critical
12304,639006,Critical
10530,700104,Critical
2450,383220,Critical
2633,370465,Critical
17055,711108,Critical
13219,342001,Critical
8001,442302,Critical
16643,637301,Critical
15808,152001,Critical
7878,443201,Critical
16829,636009,Critical
6642,148035,Critical
19360,122002,Critical
8472,332715,Critical
5174,577548,Critical
7396,458667,Critical
8068,414301,Critical
18838,500094,Critical
3096,125201,Critical
19637,208014,Critical
15368,142026,Critical
14932,431508,Critical
8783,121103,Critical
5058,470113,Critical
13309,641009,Critical
18509,413101,Critical
8217,322241,Critical
7416,458664,Critical
2330,385330,Critical
19023,440003,Critical
13538,243122,Critical
7252,321608,Critical
9903,500054,Critical
7404,458883,Critical
2571,361280,Critical
5157,584128,Critical
9807,143521,Critical
9745,508207,Critical
19624,620018,Critical
8300,333026,Critical
13575,208027,Critical
18545,182222,Critical
6553,140306,Critical
15460,520008,Critical
9652,141001,Critical
11737,635114,Critical
15330,531116,Critical
2587,362020,Critical
7190,301404,Critical
10012,530041,Critical
8555,335073,Critical
14931,413503,Critical
9514,431601,Critical
7247,303012,Critical
3080,125005,Critical
13198,302033,Critical
14824,443204,Critical
15585,452010,Critical
7352,483225,Critical
15414,500097,Critical
11090,247554,Critical
15422,500056,Critical
6640,148105,Critical
7829,444105,Critical
6934,311602,Critical
16810,641029,Critical
15151,313003,Critical
18108,440036,Critical
13391,625007,Critical
3986,827013,Critical
4914,471201,Critical
8063,414502,Critical
9298,474009,Critical
2902,394410,Critical
4192,415124,Critical
11390,209625,Critical
15222,416310,Critical
3081,125039,Critical
9980,520004,Critical
3021,127040,Critical
1839,530048,Critical
17703,500086,Critical
12083,625018,Critical
18350,700099,Critical
7318,454552,Critical
17668,769012,Critical
9041,570023,Critical
18309,208003,Critical
18851,522503,Critical
8982,580028,Critical
211,495335,Critical
8610,492001,Critical
2669,362630,Critical
4074,822114,Critical
13027,713143,Critical
1377,562159,Critical
12733,741126,Critical
13409,627002,Critical
11658,641108,Critical
14843,414701,Critical
15385,742101,Critical
14923,422113,Critical
16827,636007,Critical
5457,572130,Critical
15328,522403,Critical
9610,768001,Critical
10022,535002,Critical
7265,303901,Critical
14856,412218,Critical
13694,743165,Critical
15837,382006,Critical
10015,530007,Critical
1923,782446,Critical
16889,613001,Critical
13929,361140,Critical
14291,132102,Critical
19066,673121,Critical
8714,360001,Critical
8367,342601,Critical
15762,759122,Critical
19640,208025,Critical
16986,700108,Critical
2341,385550,Critical
18246,641407,Critical
7179,301411,Critical
10890,221402,Critical
17420,413402,Critical
11948,641662,Critical
3316,845412,Critical
14052,502336,Critical
15164,303905,Critical
10553,700125,Critical
7280,303103,Critical
6759,152024,Critical
3088,125113,Critical
7141,313027,Critical
6015,754207,Critical
19646,226029,Critical
10277,261201,Critical
6964,312023,Critical
7266,303008,Critical
5822,673592,Critical
7697,416301,Critical
14544,572128,Critical
15377,642001,Critical
13193,302003,Critical
15973,560084,Critical
2596,362720,Critical
18639,393010,Critical
7795,421301,Critical
2536,360311,Critical
6849,144514,Critical
2274,493663,Critical
18138,422012,Critical
17404,413301,Critical
2320,382330,Critical
2477,365421,Critical
9947,521201,Critical
18779,342007,Critical
12749,741121,Critical
17163,522005,Critical
16971,700078,Critical
9760,534101,Critical
2339,385421,Critical
11839,636015,Critical
829,505301,Critical
14235,490024,Critical
18201,342011,Critical
17640,571301,Critical
3754,175125,Critical
8402,341505,Critical
15376,637211,Critical
4232,423601,Critical
18801,632301,Critical
18324,226011,Critical
19638,208023,Critical
13018,713423,Critical
207,495334,Critical
18567,302028,Critical
3974,182204,Critical
18540,192126,Critical
584,522616,Critical
17482,638107,Critical
1833,532221,Critical
2610,362560,Critical
13420,626101,Critical
18513,412304,Critical
7508,456335,Critical
17798,110013,Critical
4096,834004,Critical
2357,382115,Critical
551,507003,Critical
6769,142050,Critical
7620,416121,Critical
5298,563114,Critical
12657,203394,Critical
4280,431103,Critical
8109,413104,Critical
15450,507001,Critical
17632,535558,Critical
13732,713213,Critical
15848,364003,Critical
17498,636011,Critical
4350,424002,Critical
232,495689,Critical
11656,641020,Critical
5149,584123,Critical
15468,533201,Critical
17862,171009,Critical
13897,382028,Critical
18846,523316,Critical
2439,383325,Critical
17904,560055,Critical
14030,531019,Critical
17185,521108,Critical
17851,122010,Critical
9457,411014,Critical
8737,388450,Critical
19116,283205,Critical
9299,474012,Critical
12615,202002,Critical
6495,764073,Critical
12200,627011,Critical
5117,464990,Critical
15428,500087,Critical
16835,624601,Critical
2343,385555,Critical
10954,243639,Critical
18948,695582,Critical
12478,614001,Critical
7449,465661,Critical
1263,835217,Critical
9187,695003,Critical
3109,132041,Critical
18325,226025,Critical
5535,683572,Critical
4371,425409,Critical
1938,782003,Critical
327,493554,Critical
10838,230204,Critical
13540,250003,Critical
13990,522509,Critical
8241,344704,Critical
11926,641104,Critical
11132,275101,Critical
2545,360370,Critical
3112,132117,Critical
8942,560009,Critical
13588,224123,Critical
11358,210204,Critical
11694,638115,Critical
7996,442101,Critical
17411,415522,Critical
112,821108,Critical
14293,136129,Critical
192,495004,Critical
3135,136131,Critical
7557,474010,Critical
6511,765022,Critical
8642,110012,Critical
1354,560082,Critical
10416,249404,Critical
1079,500088,Critical
9981,521137,Critical
1050,506006,Critical
7711,415407,Critical
9853,731224,Critical
2682,360003,Critical
6567,140101,Critical
7457,465669,Critical
17629,509301,Critical
4399,425103,Critical
1336,832401,Critical
16755,342006,Critical
8153,412104,Critical
17776,824101,Critical
1920,782435,Critical
18899,492002,Critical
12781,743504,Critical
13489,283202,Critical
15551,110034,Critical
17027,713216,Critical
19275,500061,Critical
3732,823003,Critical
10926,246763,Critical
6970,312604,Critical
18512,413115,Critical
213,495119,Critical
5112,464881,Critical
3024,121004,Critical
4099,834003,Critical
13314,641011,Critical
17364,791110,Critical
9345,416313,Critical
6655,143102,Critical
18320,201306,Critical
7147,313001,Critical
14614,686121,Critical
2637,370510,Critical
2912,391135,Critical
9731,721633,Critical
11851,636302,Critical
8340,345021,Critical
10433,244715,Critical
6386,761118,Critical
1688,584111,Critical
12602,283105,Critical
8396,341025,Critical
7243,303313,Critical
1541,580007,Critical
793,531021,Critical
748,521101,Critical
17626,506167,Critical
16256,731220,Critical
8438,306302,Critical
6587,141109,Critical
6586,141108,Critical
7840,444506,Critical
270,491559,Critical
18950,695001,Critical
1369,562117,Critical
8961,583103,Critical
16785,605003,Critical
7988,441107,Critical
8044,413702,Critical
19271,500098,Critical
18652,390017,Critical
1147,517408,Critical
8381,341503,Critical
16813,641031,Critical
17697,500081,Critical
9743,502110,Critical
1212,515110,Critical
1763,533107,Critical
6954,311404,Critical
18710,560013,Critical
11828,636115,Critical
6577,141101,Critical
2601,362268,Critical
18161,753003,Critical
15972,560033,Critical
447,534004,Critical
1435,591126,Critical
14251,389330,Critical
8508,307501,Critical
3831,171207,Critical
12507,613007,Critical
8422,306116,Critical
3059,123023,Critical
4205,412806,Critical
8621,110092,Critical
17840,390013,Critical
15568,462039,Critical
11970,624003,Critical
15403,500032,Critical
8857,192101,Critical
8429,306115,Critical
11963,624002,Critical
315,496445,Critical
8735,387002,Critical
14050,502255,Critical
2934,391330,Critical
5198,577522,Critical
18828,500053,Critical
11676,636809,Critical
19559,751016,Critical
15961,560103,Critical
7401,458002,Critical
2615,370001,Critical
18351,700092,Critical
8046,413201,Critical
13858,585215,Critical
10205,245301,Critical
2698,363020,Critical
4508,413504,Critical
11981,624710,Critical
7375,451115,Critical
8673,380015,Critical
11801,642002,Critical
19658,700045,Critical
18318,201313,Critical
2279,493778,Critical
1099,501102,Critical
8067,414105,Critical
4313,414203,Critical
16312,251003,Critical
8782,121001,Critical
5440,577202,Critical
15800,143001,Critical
14292,136020,Critical
8801,124001,Critical
9038,570017,Critical
1266,835222,Critical
13806,560099,Critical
10552,700126,Critical
3131,136119,Critical
15324,534211,Critical
17665,440002,Critical
14846,413317,Critical
6508,765019,Critical
19504,452014,Critical
7311,455118,Critical
8312,333031,Critical
2573,361013,Critical
15959,560047,Critical
3136,136026,Critical
11652,641026,Critical
8650,110017,Critical
9744,502001,Critical
7306,455332,Critical
17675,625513,Critical
6698,151504,Critical
13947,360005,Critical
8652,110037,Critical
5401,577301,Critical
3015,127201,Critical
1542,580009,Critical
8788,122018,Critical
4484,413515,Critical
15851,361001,Critical
9769,811307,Critical
12760,741201,Critical
11725,635110,Critical
3056,123021,Critical
2679,363641,Critical
8631,110085,Critical
8723,388120,Critical
18776,322021,Critical
9845,208004,Critical
6661,143105,Critical
13883,110047,Critical
2300,110040,Critical
18887,800006,Critical
6645,148031,Critical
5315,563133,Critical
1464,583219,Critical
6270,758015,Critical
2559,361315,Critical
19342,360577,Critical
1581,583229,Critical
15215,416302,Critical
18796,605013,Critical
7320,454331,Critical
12783,743513,Critical
19073,623501,Critical
8168,412207,Critical
1844,531162,Critical
7160,301405,Critical
6619,140412,Critical
2377,382421,Critical
13825,583104,Critical
6411,761001,Critical
14857,412211,Critical
8485,332602,Critical
12954,713359,Critical
8361,342304,Critical
1847,530027,Critical
7277,303903,Critical
5475,572104,Critical
10435,263153,Critical
18729,585201,Critical
18467,683549,Critical
8543,335707,Critical
1096,501501,Critical
15336,530004,Critical
15931,193403,Critical
9828,626117,Critical
7883,443402,Critical
11931,638401,Critical
5010,486117,Critical
15677,414001,Critical
11833,636201,Critical
11474,225003,Critical
15412,500092,Critical
12411,614616,Critical
2707,363430,Critical
8061,414102,Critical
14818,444005,Critical
3979,182144,Critical
15020,152117,Critical
8327,333042,Critical
12701,206122,Critical
15264,306702,Critical
8516,307022,Critical
11960,641606,Critical
6627,147301,Critical
8614,492101,Critical
8800,124201,Critical
1772,533342,Critical
11942,641655,Critical
11099,242221,Critical
10537,743245,Critical
4402,423101,Critical
691,523226,Critical
2415,384330,Critical
15388,504208,Critical
13976,521333,Critical
11659,641109,Critical
9606,768004,Critical
11771,637103,Critical
3012,127030,Critical
14102,515211,Critical
2361,382240,Critical
3983,827014,Critical
17901,560109,Critical
3042,122107,Critical
17238,364070,Critical
13945,363670,Critical
2554,361110,Critical
14302,131023,Critical
13199,302013,Critical
6682,143115,Critical
12258,626125,Critical
6420,761032,Critical
15345,382721,Critical
3036,122003,Critical
549,507002,Critical
4344,424206,Critical
18711,560015,Critical
16927,208015,Critical
5776,695586,Critical
9620,769015,Critical
2328,385010,Critical
11865,637408,Critical
887,502279,Critical
7380,451331,Critical
19364,122007,Critical
4073,822102,Critical
2729,388250,Critical
8648,110024,Critical
3973,182202,Critical
4279,431008,Critical
8456,332301,Critical
15357,570009,Critical
8408,341024,Critical
8803,131001,Critical
4394,425105,Critical
11934,641302,Critical
4381,424105,Critical
18741,422009,Critical
17583,201305,Critical
18818,500096,Critical
9746,506101,Critical
9326,416120,Critical
16631,638112,Critical
15586,454775,Critical
16968,700031,Critical
5903,793200,Critical
12553,606201,Critical
8135,412219,Critical
4481,422102,Critical
15366,752055,Critical
15458,522101,Critical
10025,535001,Critical
4663,670645,Critical
5326,571428,Critical
2666,360579,Critical
11643,641032,Critical
1264,835219,Critical
5206,577527,Critical
19062,685508,Critical
8039,414002,Critical
6405,761002,Critical
10285,261203,Critical
8757,390001,Critical
7931,442406,Critical
10905,243503,Critical
14118,533102,Critical
16030,570015,Critical
9884,500008,Critical
6492,764074,Critical
10896,243301,Critical
16815,641034,Critical
10899,243003,Critical
2776,392130,Critical
8858,190020,Critical
881,502334,Critical
779,531011,Critical
6963,312022,Critical
2368,382110,Critical
11385,209601,Critical
2629,370201,Critical
2400,384120,Critical
6859,144026,Critical
16622,641007,Critical
9799,791111,Critical
11741,635206,Critical
16269,205121,Critical
4334,413249,Critical
17245,360550,Critical
17249,392012,Critical
7446,457550,Critical
5312,563131,Critical
1182,516002,Critical
17794,110056,Critical
3071,125106,Critical
8513,307801,Critical
12961,713358,Critical
1711,533437,Critical
13377,627808,Critical
9472,413105,Critical
4475,422502,Critical
575,507303,Critical
1074,501506,Critical
15795,141010,Critical
4211,412805,Critical
13156,721253,Critical
10221,203207,Critical
15096,485111,Critical
11649,641046,Critical
12719,206245,Critical
16864,627001,Critical
10873,221401,Critical
2677,360022,Critical
4395,425002,Critical
1517,591235,Critical
2689,363621,Critical
18737,570011,Critical
1504,586214,Critical
9416,444002,Critical
7399,458880,Critical
15261,341512,Critical
245,491223,Critical
2461,383120,Critical
15104,453112,Critical
19363,122016,Critical
17501,641401,Critical
15555,110065,Critical
4267,413224,Critical
7111,313322,Critical
8700,383001,Critical
8822,175105,Critical
5449,572214,Critical
787,502286,Critical
8315,333029,Critical
12503,613009,Critical
6171,752057,Critical
15847,364001,Critical
18793,605008,Critical
3904,193201,Critical
13754,712101,Critical
12671,203202,Critical
2684,360004,Critical
5269,571201,Critical
12460,621211,Critical
15221,415406,Critical
12511,613006,Critical
7119,313603,Critical
15427,500042,Critical
15135,305403,Critical
8175,415510,Critical
8186,415105,Critical
12566,606401,Critical
8292,331022,Critical
12679,203209,Critical
2938,391440,Critical
3724,802123,Critical
6814,144521,Critical
11692,638056,Critical
6938,311201,Critical
3053,123027,Critical
16294,243202,Critical
6610,147004,Critical
12100,625106,Critical
1375,562122,Critical
12205,627006,Critical
13727,713325,Critical
17644,572101,Critical
13188,313329,Critical
7903,444203,Critical
14278,121101,Critical
6729,152026,Critical
7101,313333,Critical
8059,414302,Critical
4209,415519,Critical
8646,110048,Critical
4383,425109,Critical
5786,695122,Critical
4353,425408,Critical
6031,755044,Critical
9822,630561,Critical
1003,508204,Critical
10543,743249,Critical
1875,535003,Critical
496,521110,Critical
2510,364710,Critical
640,524137,Critical
18227,641033,Critical
19056,534447,Critical
2365,382140,Critical
1089,501503,Critical
893,508126,Critical
18111,440007,Critical
1187,516101,Critical
18998,416414,Critical
18888,800016,Critical
10772,222142,Critical
7080,323021,Critical
10713,281306,Critical
18702,560051,Critical
19605,641038,Critical
16670,636307,Critical
9995,531001,Critical
11720,635104,Critical
3173,131027,Critical
2714,388510,Critical
4494,413510,Critical
12636,202137,Critical
19319,380054,Critical
16156,695005,Critical
17181,110038,Critical
6375,761104,Critical
14090,501141,Critical
15964,560066,Critical
8937,560100,Critical
5148,584122,Critical
14988,141110,Critical
2774,393001,Critical
11835,636008,Critical
102,821305,Critical
11777,637303,Critical
6312,768033,Critical
16617,632006,Critical
6952,311804,Critical
223,495687,Critical
2292,110090,Critical
7443,457222,Critical
8161,412306,Critical
8262,334001,Critical
19580,144009,Critical
18803,641042,Critical
8792,125001,Critical
1248,835302,Critical
9904,500072,Critical
9862,505001,Critical
18708,560062,Critical
13211,333516,Critical
8132,410510,Critical
7109,313325,Critical
15279,335702,Critical
13329,637015,Critical
2675,362240,Critical
13351,635601,Critical
5190,577228,Critical
13411,627007,Critical
4040,825402,Critical
10223,201310,Critical
12763,743135,Critical
2696,363040,Critical
2827,387240,Critical
2791,392210,Critical
336,493889,Critical
15686,411060,Critical
3065,125047,Critical
11732,635111,Critical
17407,412307,Critical
2371,382170,Critical
135,844121,Critical
3122,136156,Critical
2577,361220,Critical
17894,560300,Critical
4025,825412,Critical
2456,383350,Critical
7347,483504,Critical
11738,635114,Critical
10652,742226,Critical
2410,384435,Critical
3757,175129,Critical
2345,385560,Critical
11437,209203,Critical
10011,530022,Critical
7835,444404,Critical
12731,741102,Critical
4213,415523,Critical
8681,382345,Critical
5079,484774,Critical
5085,484771,Critical
5165,581402,Critical
1659,581205,Critical
9791,416012,Critical
16433,283121,Critical
12417,622502,Critical
8719,388001,Critical
13,811315,Critical
7506,456443,Critical
4449,431715,Critical
607,522415,Critical
18200,334006,Critical
8786,122005,Critical
10579,731219,Critical
18188,305007,Critical
13817,591102,Critical
12611,283125,Critical
606,522414,Critical
11910,638657,Critical
18183,141006,Critical
4541,431501,Critical
5465,572227,Critical
1645,585202,Critical
983,502285,Critical
15179,466221,Critical
18736,570007,Critical
6416,761031,Critical
7875,444706,Critical
7702,415305,Critical
13200,302021,Critical
10206,201009,Critical
6937,311025,Critical
14288,132157,Critical
13114,711410,Critical
6552,140603,Critical
8694,384002,Critical
7912,442902,Critical
6966,312024,Critical
14413,172029,Critical
14420,171012,Critical
6968,312021,Critical
6668,143601,Critical
7526,473222,Critical
10813,231219,Critical
19247,443001,Critical
13201,302041,Critical
10776,222143,Critical
17582,201311,Critical
12058,628552,Critical
4229,422602,Critical
7754,410101,Critical
9837,606001,Critical
17567,620021,Critical
4062,829117,Critical
12087,625008,Critical
7487,465337,Critical
12028,630302,Critical
11696,638051,Critical
9664,143006,Critical
7370,450661,Critical
4488,413513,Critical
2896,394230,Critical
11854,636012,Critical
10802,231304,Critical
4874,480882,Critical
15374,302001,Critical
8684,380003,Critical
9676,152003,Critical
14877,422603,Critical
8461,332311,Critical
6890,144402,Critical
954,505102,Critical
4060,829110,Critical
16900,203201,Critical
11079,251203,Critical
5293,562103,Critical
2623,370485,Critical
2814,387560,Critical
8526,335802,Critical
8636,110001,Critical
12265,626205,Critical
8484,332709,Critical
15746,753008,Critical
16614,606604,Critical
8539,335027,Critical
11996,624615,Critical
9450,414003,Critical
6947,311802,Critical
3960,192232,Critical
17740,530011,Critical
15845,364081,Critical
13203,303107,Critical
9634,761200,Critical
1929,782122,Critical
4258,413221,Critical
11859,636453,Critical
1630,585216,Critical
9422,444607,Critical
17251,387355,Critical
7158,301018,Critical
17797,110019,Critical
2796,393140,Critical
12544,620012,Critical
3022,121003,Critical
6421,761045,Critical
3901,193301,Critical
5453,572218,Critical
6382,761108,Critical
11511,631209,Critical
2735,394140,Critical
8347,342023,Critical
9796,415001,Critical
1487,586115,Critical
10536,743234,Critical
3959,192123,Critical
75,805130,Critical
12633,202124,Critical
1167,517424,Critical
17803,380061,Critical
13591,201001,Critical
2583,360515,Critical
15343,110052,Critical
12740,741156,Critical
14133,532127,Critical
8660,110075,Critical
1446,583119,Critical
103,802213,Critical
13652,700020,Critical
8929,560001,Critical
15334,533255,Critical
8635,110003,Critical
10720,212201,Critical
2430,385350,Critical
9797,797001,Critical
2485,365220,Critical
12751,741502,Critical
7048,325004,Critical
5795,695013,Critical
18808,641043,Critical
17232,382422,Critical
7028,326038,Critical
6229,759128,Critical
10989,261505,Critical
3110,132036,Critical
5349,570010,Critical
219,495006,Critical
19070,456001,Critical
8793,132001,Critical
8758,390011,Critical
3951,192202,Critical
4223,415524,Critical
4236,414604,Critical
8733,388430,Critical
8764,390021,Critical
8876,827004,Critical
13514,211006,Critical
12439,621316,Critical
3549,841414,Critical
7096,304505,Critical
13855,591136,Critical
2506,364050,Critical
5817,673122,Critical
6404,761008,Critical
13889,382405,Critical
18226,641014,Critical
356,516434,Critical
11917,641665,Critical
698,523211,Critical
15214,415401,Critical
7512,456665,Critical
9805,759001,Critical
12001,629201,Critical
8706,362315,Critical
17932,570020,Critical
18174,769014,Critical
11867,636306,Critical
16658,636119,Critical
7463,465691,Critical
16610,606611,Critical
15004,148107,Critical
7462,465680,Critical
413,517507,Critical
15216,415302,Critical
8796,132103,Critical
15170,483113,Critical
740,520007,Critical
2384,382470,Critical
9960,522502,Critical
712,534301,Critical
5302,563125,Critical
7259,303507,Critical
3681,853202,Critical
5557,683541,Critical
3172,131306,Critical
12769,743377,Critical
3893,193103,Critical
8388,341306,Critical
12519,621704,Critical
11074,247772,Critical
10718,211012,Critical
10712,281005,Critical
1497,586212,Critical
13482,620020,Critical
9967,522601,Critical
8097,413113,Critical
1408,587122,Critical
8116,412112,Critical
12808,743368,Critical
15058,678007,Critical
19682,711110,Critical
13670,700001,Critical
14928,422104,Critical
10635,742401,Critical
13653,700019,Critical
11048,244411,Critical
8645,110025,Critical
8079,413309,Critical
8077,413304,Critical
3942,185151,Critical
1560,582102,Critical
16628,638316,Critical
11187,221712,Critical
3062,123024,Critical
10187,224204,Critical
1075,501510,Critical
1244,518134,Critical
17394,415304,Critical
6568,140124,Critical
2618,370110,Critical
13072,712123,Critical
19165,743136,Critical
11700,638151,Critical
2603,362030,Critical
10295,261303,Critical
6994,327023,Critical
6398,760007,Critical
19168,700146,Critical
19175,713210,Critical
7682,416403,Critical
869,509210,Critical
3303,175123,Critical
14860,412210,Critical
2348,385575,Critical
7706,416306,Critical
14861,412402,Critical
10746,221503,Critical
9344,416436,Critical
3026,121002,Critical
14271,133203,Critical
10180,224190,Critical
8024,445102,Critical
1260,834006,Critical
13985,522017,Critical
819,502295,Critical
1319,833102,Critical
802,531055,Critical
1111,515761,Critical
2923,391107,Critical
2667,362650,Critical
8418,306001,Critical
8654,110021,Critical
3141,124505,Critical
14567,683545,Critical
4549,431542,Critical
16151,695028,Critical
5000,486446,Critical
1812,532409,Critical
15898,124507,Critical
5052,470666,Critical
18321,201303,Critical
5122,464886,Critical
1702,533016,Critical
15813,144007,Critical
2346,385410,Critical
18975,462037,Critical
8906,831004,Critical
10752,212507,Critical
3050,123501,Critical
18983,486885,Critical
17659,416003,Critical
9214,679306,Critical
17495,636140,Critical
6730,151207,Critical
2673,360570,Critical
11674,636808,Critical
13068,712612,Critical
6287,758020,Critical
15895,122015,Critical
10224,201304,Critical
8658,110070,Critical
11673,636807,Critical
6510,765026,Critical
9486,415505,Critical
2360,382265,Critical
3710,802207,Critical
9706,723103,Critical
7385,451660,Critical
10225,201008,Critical
7210,321201,Critical
10202,224120,Critical
2638,370510,Critical
2324,385110,Critical
8167,412103,Critical
2380,382481,Critical
2391,382810,Critical
8240,344702,Critical
6401,761010,Critical
17674,630001,Critical
15411,500013,Critical
9711,723143,Critical
8333,345027,Critical
1135,515832,Critical
1374,561205,Critical
1779,533308,Critical
3157,124106,Critical
1405,587116,Critical
5783,695024,Critical
1388,587201,Critical
173,494331,Critical
122,821113,Critical
2692,363520,Critical
1276,815353,Critical
6117,757075,Critical
7310,455459,Critical
10319,227813,Critical
6971,312619,Critical
3654,824301,Critical
2661,370675,Critical
3090,125055,Critical
9774,827001,Critical
324,493116,Critical
4503,413518,Critical
10580,731243,Critical
7115,313301,Critical
10601,722140,Critical
11443,209111,Critical
854,509382,Critical
4171,506143,Critical
13946,360021,Critical
10275,261403,Critical
895,508284,Critical
4406,422205,Critical
7850,444904,Critical
670,523247,Critical
4467,422004,Critical
1030,509408,Critical
4215,415511,Critical
10725,212107,Critical
4855,481995,Critical
8261,334201,Critical
2727,388245,Critical
2807,387635,Critical
3102,126102,Critical
8630,110035,Critical
8258,344701,Critical
8965,583203,Critical
3155,124108,Critical
7272,303009,Critical
6696,151005,Critical
5351,570003,Critical
8189,415206,Critical
7281,303002,Critical
301,496331,Critical
987,502306,Critical
7384,451228,Critical
917,508254,Critical
9759,523240,Critical
11722,635107,Critical
8918,560048,Critical
12522,621802,Critical
18633,360007,Critical
12332,612103,Critical
11300,271003,Critical
16254,743287,Critical
12089,625022,Critical
11888,635703,Critical
14260,391774,Critical
11352,210201,Critical
11360,210205,Critical
11439,209311,Critical
11836,636106,Critical
11819,636104,Critical
11748,635207,Critical
12579,607203,Critical
11096,247451,Critical
12606,283115,Critical
17672,302004,Critical
4299,431209,Critical
13975,534406,Critical
13388,625004,Critical
10698,281123,Critical
13643,700155,Critical
10649,742184,Critical
13302,632002,Critical
12684,207247,Critical
13854,591313,Critical
13542,250002,Critical
17681,742225,Critical
13145,721150,Critical
12006,629702,Critical
11062,244924,Critical
11527,604301,Critical
14121,533106,Critical
17388,759145,Critical
10901,243401,Critical
15805,151001,Critical
18313,201010,Critical
18903,110089,Critical
14896,424005,Critical
15000,147103,Critical
16953,249407,Critical
17421,431136,Critical
15219,416308,Critical
13185,323001,Critical
9936,517501,Critical
4158,504296,Critical
3040,122004,Critical
11098,242042,Critical
9961,507101,Critical
17513,331501,Critical
12959,713206,Critical
18825,500065,Critical
14685,695584,Critical
10778,222161,Critical
17518,306101,Critical
17627,503224,Critical
18817,500034,Critical
18765,144602,Critical
19251,141401,Critical
14298,124107,Critical
19338,361005,Critical
12819,736207,Critical
14474,505445,Critical
19223,444907,Critical
14503,563124,Critical
10842,230135,Critical
10891,221206,Critical
19112,620007,Critical
11844,636308,Critical
10738,212216,Critical
18772,305201,Critical
8295,331802,Critical
12729,741152,Critical
6857,144201,Critical
1474,585330,Critical
6985,312203,Critical
11874,635803,Critical
12524,621651,Critical
1076,501508,Critical
7264,303007,Critical
723,534198,Critical
19606,641039,Critical
7164,301406,Critical
832,505302,Critical
13902,382423,Critical
13896,382213,Critical
18849,534005,Critical
10876,221304,Critical
11914,638702,Critical
1352,560105,Critical
1124,515871,Critical
904,508114,Critical
4864,481885,Critical
15329,522403,Critical
2323,385001,Critical
13941,370150,Critical
8346,342901,Critical
7300,453441,Critical
1122,515401,Critical
10321,228159,Critical
9846,208001,Critical
17630,509301,Critical
14213,803117,Critical
5273,571213,Critical
8331,333307,Critical
412,517503,Critical
1362,562109,Critical
1351,560060,Critical
6742,142056,Critical
19379,171010,Critical
8238,344034,Critical
7053,325215,Critical
1739,503230,Critical
14539,572219,Critical
8729,392001,Critical
1776,533341,Critical
18411,721507,Critical
19252,142001,Critical
8925,560064,Critical
11783,637410,Critical
8629,110009,Critical
8963,583116,Critical
18157,751023,Critical
454,534002,Critical
12082,625019,Critical
18334,247664,Critical
1573,583237,Critical
6450,766104,Critical
6389,761121,Critical
18623,382350,Critical
14082,506002,Critical
10209,201003,Critical
13325,638103,Critical
7292,303803,Critical
2396,384001,Critical
19320,380019,Critical
19316,110060,Critical
977,505416,Critical
15826,302002,Critical
1021,508211,Critical
10721,212202,Critical
12556,606213,Critical
8354,342603,Critical
19163,743134,Critical
18105,442901,Critical
7297,452020,Critical
1475,586209,Critical
7409,458556,Critical
494,521109,Critical
1866,535217,Critical
10959,241122,Critical
2317,382210,Critical
1755,533296,Critical
16704,629177,Critical
10280,261202,Critical
15322,500003,Critical
15408,500077,Critical
6186,752026,Critical
16556,713363,Critical
2561,360520,Critical
3955,192301,Critical
7241,302022,Critical
8118,410509,Critical
6180,752077,Critical
17876,826005,Critical
4477,422201,Critical
2649,370421,Critical
16231,247668,Critical
2469,383307,Critical
6159,752061,Critical
11751,637002,Critical
8156,410505,Critical
11135,275304,Critical
4026,825320,Critical
7505,456440,Critical
15983,560058,Critical
4222,415526,Critical
17800,110063,Critical
16209,229127,Critical
4207,415012,Critical
13341,643001,Critical
11959,641605,Critical
19265,500084,Critical
4366,424305,Critical
6178,752084,Critical
3896,193222,Critical
2880,389350,Critical
285,497118,Critical
12066,627851,Critical
2556,361006,Critical
16606,604410,Critical
8055,414401,Critical
11075,251314,Critical
8710,370205,Critical
2926,390009,Critical
4283,431121,Critical
8049,414402,Critical
7716,415410,Critical
5598,685551,Critical
9526,431401,Critical
11689,638057,Critical
3008,127027,Critical
3114,132023,Critical
17504,624201,Critical
17503,641652,Critical
4021,825324,Critical
15027,144802,Critical
9176,695141,Critical
13158,721147,Critical
8011,445207,Critical
11982,624308,Critical
12952,713336,Critical
7979,441103,Critical
11995,624614,Critical
15125,144025,Critical
15142,312602,Critical
11985,624101,Critical
214,495442,Critical
5552,686664,Critical
13355,641603,Critical
16633,635105,Critical
3119,132140,Critical
5609,685619,Critical
7690,416312,Critical
15485,782138,Critical
17086,686016,Critical
5037,485115,Critical
4106,835225,Critical
13096,712701,Critical
4892,462046,Critical
12979,722141,Critical
10018,530051,Critical
4954,480221,Critical
16744,302039,Critical
15954,831003,Critical
5462,572224,Critical
16826,642128,Critical
57,805103,Critical
15671,440006,Critical
4983,461441,Critical
13194,302015,Critical
685,523230,Critical
19089,642006,Critical
14262,391775,Critical
648,524002,Critical
680,523108,Critical
8431,306103,Critical
19616,625015,Critical
749,505469,Critical
8137,413802,Critical
12547,620015,Critical
864,509339,Critical
19057,532185,Critical
822,502313,Critical
1523,591214,Critical
12706,206244,Critical
10261,229305,Critical
1522,591213,Critical
8930,560042,Critical
15798,141003,Critical
8284,331402,Critical
10278,261121,Critical
18751,769007,Critical
1419,591103,Critical
1407,587119,Critical
1395,587203,Critical
10843,230002,Critical
18901,492008,Critical
10590,731301,Critical
8524,335801,Critical
5097,486661,Critical
894,508277,Critical
2607,362255,Critical
913,508243,Critical
8675,380013,Critical
9883,500046,Critical
1226,523357,Critical
8045,414103,Critical
2944,391760,Critical
17532,625017,Critical
283,497442,Critical
2780,391810,Critical
17698,500041,Critical
12045,628714,Critical
2664,360590,Critical
2318,382430,Critical
4342,425508,Critical
8122,413106,Critical
2504,364295,Critical
951,505122,Critical
2502,364525,Critical
2498,364515,Critical
18626,380059,Critical
18666,131030,Critical
14758,754028,Critical
12600,283101,Critical
1085,500090,Critical
15342,110051,Critical
10556,743711,Critical
10573,731244,Critical
19256,505326,Critical
10576,731238,Critical
989,502319,Critical
3970,192121,Critical
17235,384221,Critical
1220,523333,Critical
8343,345026,Critical
12074,627809,Critical
1070,501218,Critical
4050,825319,Critical
7853,444908,Critical
3137,136044,Critical
4061,825316,Critical
17291,123106,Critical
224,495674,Critical
3354,847226,Critical
16753,334002,Critical
4265,413248,Critical
3395,843123,Critical
16552,713343,Critical
4218,412801,Critical
7886,443103,Critical
15992,560003,Critical
194,495220,Critical
12149,630611,Critical
3528,841412,Critical
119,821110,Critical
17158,534432,Critical
11318,273402,Critical
4052,825103,Critical
11447,209303,Critical
8798,136118,Critical
7549,474001,Critical
8620,110032,Critical
16930,201005,Critical
2301,110042,Critical
4872,480661,Critical
3957,192221,Critical
2640,370605,Critical
12992,722207,Critical
1164,517247,Critical
19049,711408,Critical
17481,641035,Critical
8634,110002,Critical
4208,415004,Critical
90,804451,Critical
4885,462030,Critical
3679,813105,Critical
3731,824231,Critical
3736,823002,Critical
16819,637402,Critical
3739,824233,Critical
11426,209206,Critical
7932,442406,Critical
3927,184203,Critical
15825,301019,Critical
3980,182145,Critical
16662,636601,Critical
13006,713406,Critical
9658,141115,Critical
16679,638105,Critical
1184,516004,Critical
16712,627806,Critical
3859,173207,Critical
16684,641602,Critical
17900,560076,Critical
16695,629501,Critical
8659,110057,Critical
12070,627751,Critical
8577,632509,Critical
8037,445002,Critical
11735,635002,Critical
13692,743125,Critical
8015,445001,Critical
13688,741501,Critical
4514,413623,Critical
11772,637503,Critical
13980,524411,Critical
4537,431504,Critical
4666,670731,Critical
9508,425110,Critical
7694,416407,Critical
14767,757046,Critical
15760,759107,Critical
6517,765029,Critical
8756,390010,Critical
8713,360006,Critical
14219,802211,Critical
11743,635116,Critical
15337,782460,Critical
8969,585412,Critical
7497,456222,Critical
15299,631202,Critical
6950,311403,Critical
11994,624613,Critical
6942,311604,Critical
15188,473660,Critical
14294,136043,Critical
6591,141412,Critical
15137,311805,Critical
14898,424303,Critical
7269,303706,Critical
13842,582208,Critical
7142,313206,Critical
13497,203132,Critical
14001,522438,Critical
9871,502329,Critical
15978,560029,Critical
5025,485775,Critical
16056,683547,Critical
13994,522236,Critical
14847,413317,Critical
13520,222132,Critical
4933,454001,Critical
4883,480886,Critical
13190,301401,Critical
11769,637214,Critical
15960,560047,Critical
16032,571104,Critical
13810,562163,Critical
14014,523157,Critical
14031,531019,Critical
14687,695125,Critical
14453,828104,Critical
6396,761054,Critical
9494,431101,Critical
7256,303506,Critical
8724,388120,Critical
7177,301022,Critical
11908,638672,Critical
7714,415311,Critical
7406,458888,Critical
7167,321633,Critical
7524,473101,Critical
7440,457339,Critical
5963,756114,Critical
8247,344035,Critical
11855,636303,Critical
5158,584132,Critical
2863,389170,Critical
2436,383260,Critical
948,503186,Critical
18042,460447,Critical
18070,416417,Critical
10133,801506,Critical
10152,497559,Critical
18198,303329,Critical
396,517640,Critical
417,534235,Critical
10162,224129,Critical
1931,782121,Critical
11864,636305,Critical
1926,782120,Critical
1827,532195,Critical
8541,335024,Critical
1713,533450,Critical
12758,741202,Critical
1641,585222,Critical
18581,638453,Critical
8273,334808,Critical
18706,560095,Critical
2481,365410,Critical
17931,570004,Critical
14364,841417,Critical
12747,741248,Critical
11809,642154,Critical
1773,533343,Critical
6173,752056,Critical
11827,636121,Critical
14456,828110,Critical
15095,485666,Critical
11834,636014,Critical
8651,110016,Critical
6741,142048,Critical
7519,473443,Critical
7453,465687,Critical
13305,641001,Critical
3030,122101,Critical
13657,700095,Critical
8695,384340,Critical
5143,584143,Critical
15797,141004,Critical
12408,622301,Critical
15437,518006,Critical
9693,144001,Critical
11666,636903,Critical
9276,486887,Critical
14101,515164,Critical
11754,637014,Critical
7392,451442,Critical
15577,452013,Critical
5445,572111,Critical
5403,577215,Critical
6987,312612,Critical
5300,563123,Critical
5292,562102,Critical
15560,110067,Critical
4084,822121,Critical
16705,629177,Critical
4088,822128,Critical
4076,822131,Critical
4089,822125,Critical
16739,627601,Critical
16737,627415,Critical
4107,835103,Critical
4067,822112,Critical
16666,636030,Critical
4120,504103,Critical
4142,504293,Critical
5459,572222,Critical
4195,415518,Critical
16620,641016,Critical
16619,641048,Critical
16611,606709,Critical
4217,415010,Critical
16328,627117,Critical
16607,604410,Critical
4214,415525,Critical
16358,639136,Critical
15810,144023,Critical
16270,281504,Critical
15839,382620,Critical
4758,679304,Critical
4768,678003,Critical
4271,431151,Critical
4841,481102,Critical
4931,472101,Critical
15971,560005,Critical
15966,560024,Critical
15916,171004,Critical
5066,470235,Critical
15836,382443,Critical
4474,422215,Critical
15796,141002,Critical
5145,584136,Critical
5265,573134,Critical
5296,561213,Critical
5307,563161,Critical
5311,563130,Critical
15593,456003,Critical
5402,577213,Critical
5418,577428,Critical
4269,413228,Critical
13845,582116,Critical
4276,431007,Critical
4318,431128,Critical
13940,370670,Critical
7110,313325,Critical
7128,313201,Critical
8777,127021,Critical
4058,825101,Critical
6579,142036,Critical
6410,761100,Critical
15286,632521,Critical
15827,302017,Critical
15203,415715,Critical
15185,473440,Critical
15181,466120,Critical
15108,455111,Critical
15097,470663,Critical
15049,678572,Critical
6038,755024,Critical
6041,755023,Critical
6139,757051,Critical
6458,766105,Critical
4536,431702,Critical
6144,757041,Critical
7077,323022,Critical
13992,522302,Critical
14085,500005,Critical
6743,142049,Critical
16664,636309,Critical
15442,534122,Critical
5638,686011,Critical
15325,534211,Critical
6608,147104,Critical
6669,143114,Critical
6678,143301,Critical
14471,506142,Critical
6726,152113,Critical
14380,824129,Critical
14094,515774,Critical
6825,144531,Critical
6925,305406,Critical
6941,311603,Critical
14261,391450,Critical
6598,141414,Critical
14250,389390,Critical
8332,345001,Critical
10127,800001,Critical
7436,457001,Critical
4738,678591,Critical
9593,752070,Critical
4489,413519,Critical
9591,752023,Critical
10137,844101,Critical
11613,606705,Critical
10142,495452,Critical
9946,534416,Critical
9879,500089,Critical
11925,641103,Critical
11247,274702,Critical
11509,602023,Critical
11858,636202,Critical
11522,605501,Critical
8703,361240,Critical
11876,635804,Critical
11425,209307,Critical
11415,212652,Critical
9684,146105,Critical
9686,146022,Critical
11892,635852,Critical
9705,723149,Critical
9750,516360,Critical
11904,635652,Critical
10020,530015,Critical
8991,585105,Critical
8941,560073,Critical
11853,636351,Critical
14873,415116,Critical
10664,285204,Critical
9189,695571,Critical
11724,635108,Critical
11706,638502,Critical
10598,731303,Critical
11719,635103,Critical
10630,742136,Critical
18713,560057,Critical
10706,281308,Critical
9956,522003,Critical
8780,121007,Critical
8763,390023,Critical
9518,422011,Critical
8949,587311,Critical
8734,387330,Critical
11954,641666,Critical
8718,388110,Critical
11930,638402,Critical
9451,413111,Critical
11308,271302,Critical
11916,638108,Critical
8455,332002,Critical
12104,625109,Critical
11784,637105,Critical
10173,224155,Critical
11004,250601,Critical
8678,380005,Critical
11644,641032,Critical
10197,224118,Critical
9429,440019,Critical
12096,625301,Critical
10980,261501,Critical
8619,110095,Critical
11672,635305,Critical
11655,641010,Critical
9294,465339,Critical
12204,627358,Critical
11663,635301,Critical
10287,261145,Critical
11668,635303,Critical
9279,464111,Critical
8789,122017,Critical
643,524344,Critical
11762,637201,Critical
10701,281405,Critical
11618,606707,Critical
11016,250001,Critical
11800,642110,Critical
11031,250103,Critical
12024,629171,Critical
9042,570022,Critical
8552,335703,Critical
10312,228145,Critical
6897,305801,Critical
11688,638052,Critical
2316,382424,Critical
8525,335504,Critical
19507,452009,Critical
10437,263132,Critical
2312,110041,Critical
2369,382150,Critical
292,496001,Critical
9062,572220,Critical
3151,124103,Critical
10739,212108,Critical
9255,462003,Critical
11729,635109,Critical
14889,431133,Critical
17741,530011,Critical
14870,415537,Critical
2572,361305,Critical
19270,500068,Critical
14301,131028,Critical
2431,385350,Critical
13234,307028,Critical
12755,741504,Critical
13022,713123,Critical
8277,334022,Critical
3928,184204,Critical
12772,743345,Critical
14791,759013,Critical
13738,713346,Critical
16933,201307,Critical
7353,483440,Critical
7907,441208,Critical
13585,225123,Critical
13614,227817,Critical
13646,743271,Critical
7372,450445,Critical
14852,411036,Critical
7395,458775,Critical
10633,742159,Critical
2565,361335,Critical
7962,441915,Critical
17499,636013,Critical
2336,385515,Critical
2347,385410,Critical
332,493221,Critical
2366,382140,Critical
2381,382355,Critical
2390,382725,Critical
2404,384421,Critical
2405,384440,Critical
2434,385360,Critical
2509,364002,Critical
256,491665,Critical
17816,384160,Critical
17814,380060,Critical
2650,370655,Critical
17725,516390,Critical
17633,532201,Critical
2830,388580,Critical
2871,389175,Critical
17571,282007,Critical
17547,639008,Critical
9519,422002,Critical
7507,456443,Critical
2327,385210,Critical
3988,829301,Critical
3032,122102,Critical
15353,560032,Critical
15977,560078,Critical
8395,341001,Critical
19546,411013,Critical
8401,341502,Critical
8405,342902,Critical
12472,621006,Critical
19362,122052,Critical
6572,140308,Critical
13593,201012,Critical
8386,341519,Critical
14036,533406,Critical
7998,442203,Critical
12607,283119,Critical
7825,444102,Critical
9896,500017,Critical
12609,283124,Critical
13804,560092,Critical
14864,415312,Critical
880,502302,Critical
12548,620015,Critical
7538,473770,Critical
8203,322202,Critical
13381,625503,Critical
15892,121006,Critical
7491,465445,Critical
8081,413302,Critical
12953,713339,Critical
13337,643212,Critical
13500,206124,Critical
12960,713337,Critical
7590,476332,Critical
7609,403523,Critical
6761,142043,Critical
13000,713125,Critical
8244,344033,Critical
3064,123401,Critical
8309,333504,Critical
13191,301705,Critical
7947,441108,Critical
12593,283201,Critical
1071,500052,Critical
1077,500039,Critical
2335,385535,Critical
11251,274502,Critical
2981,133205,Critical
500,524412,Critical
1584,583277,Critical
1652,581109,Critical
1693,531115,Critical
18497,695020,Critical
1710,533407,Critical
18421,521134,Critical
1796,532421,Critical
18379,700079,Critical
1854,535160,Critical
18923,685571,Critical
18624,382418,Critical
1274,815352,Critical
1273,814142,Critical
1261,835214,Critical
738,505532,Critical
19582,323305,Critical
19571,160103,Critical
810,531085,Critical
811,531114,Critical
833,505302,Critical
18599,620016,Critical
18627,384003,Critical
848,509219,Critical
7185,301020,Critical
14825,444204,Critical
2986,133102,Critical
6240,759126,Critical
6259,759120,Critical
6273,758028,Critical
6320,768213,Critical
8932,560034,Critical
6370,761109,Critical
14895,424004,Critical
17,811211,Critical
18636,394326,Critical
16931,201014,Critical
1334,832101,Critical
1350,560049,Critical
1450,583122,Critical
18735,570012,Critical
18719,583275,Critical
1480,586204,Critical
1505,586215,Critical
1536,591241,Critical
842,505451,Critical
1433,591117,Critical
871,509336,Critical
17348,501301,Critical
3408,843115,Critical
189,491441,Critical
17187,520015,Critical
17186,521108,Critical
17184,521139,Critical
17171,534305,Critical
2998,125060,Critical
3438,854315,Critical
3642,824202,Critical
3650,824207,Critical
3655,824124,Critical
17011,700093,Critical
3801,172030,Critical
3817,171206,Critical
3818,171206,Critical
3820,171205,Critical
3888,193502,Critical
3906,193224,Critical
19332,382030,Critical
3556,843314,Critical
3954,192125,Critical
227,495692,Critical
3786,175028,Critical
3100,125076,Critical
1144,517127,Critical
19257,505326,Critical
486,521105,Critical
3035,122505,Critical
960,505472,Critical
1052,506330,Critical
1060,506005,Critical
1083,500101,Critical
1092,501504,Critical
19093,624004,Critical
19067,673121,Critical
622,524223,Critical
1201,515134,Critical
1210,515301,Critical
18976,462033,Critical
19216,415412,Critical
473,521324,Critical
17459,306422,Critical
343,493555,Critical
391,517643,Critical
12604,283110,Critical
15312,721642,Critical
19235,505468,Critical
16638,637409,Critical
6549,160055,Critical
12302,639117,Critical
12624,202133,Critical
981,502270,Critical
19333,382729,Critical
14893,425415,Critical
10702,281302,Critical
938,503110,Critical
6973,312402,Critical
4196,415515,Critical
6975,312201,Critical
6974,312901,Critical
19249,442401,Critical
10596,731215,Critical
11469,225416,Critical
14841,414607,Critical
15119,144502,Critical
14108,516380,Critical
1366,561204,Critical
14,811314,Critical
911,508377,Critical
12643,204213,Critical
8070,414304,Critical
10581,731221,Critical
9199,673593,Critical
8334,345027,Critical
11850,637403,Critical
19259,502324,Critical
11641,641006,Critical
19095,629156,Critical
5796,695551,Critical
15355,560004,Critical
12677,203389,Critical
10523,249175,Critical
916,508253,Critical
12294,639201,Critical
9057,577544,Critical
10699,281201,Critical
8639,110008,Critical
4193,415020,Critical
12297,639207,Critical
12705,206243,Critical
10531,743221,Critical
1073,501505,Critical
12545,620012,Critical
15351,815301,Critical
11736,635002,Critical
14899,425422,Critical
5590,685552,Critical
6043,755022,Critical
14243,387310,Critical
16585,721515,Critical
19351,390024,Critical
19109,626122,Critical
6110,757032,Critical
9757,524001,Critical
5696,680587,Critical
7408,458441,Critical
10634,742161,Critical
10583,731222,Critical
661,523113,Critical
19321,380019,Critical
15265,306702,Critical
12244,626004,Critical
8549,335040,Critical
15581,452005,Critical
5820,673575,Critical
15217,415303,Critical
8195,303807,Critical
7340,482008,Critical
8191,415512,Critical
16688,624612,Critical
10315,228155,Critical
19042,431520,Critical
12241,626106,Critical
9110,686562,Critical
12748,741249,Critical
14144,782461,Critical
11978,624306,Critical
15416,500051,Critical
5553,686664,Critical
11675,636905,Critical
16578,711301,Critical
14126,533346,Critical
14863,415104,Critical
846,509131,Critical
16676,635851,Critical
847,509127,Critical
11519,605106,Critical
11744,635117,Critical
4242,413706,Critical
16838,629403,Critical
9296,456010,Critical
5111,464668,Critical
7308,455336,Critical
3751,804420,Critical
13937,370135,Critical
9660,147001,Critical
15426,500015,Critical
10686,205261,Critical
10328,263601,Critical
11475,225124,Critical
8157,412209,Critical
1379,562126,Critical
4100,834003,Critical
19474,695029,Critical
18837,500050,Critical
18831,500074,Critical
10288,261401,Critical
12540,621804,Critical
4098,835234,Critical
16727,623315,Critical
8089,413319,Critical
13175,311401,Critical
15610,416146,Critical
9629,760001,Critical
1436,591129,Critical
1146,517419,Critical
4253,413226,Critical
11662,636813,Critical
1414,591115,Critical
15592,456776,Critical
8123,412303,Critical
12539,621715,Critical
14096,517131,Critical
4244,422604,Critical
11755,637405,Critical
14855,412216,Critical
16656,636107,Critical
10785,222105,Critical
1191,516107,Critical
15047,678684,Critical
15349,171001,Critical
1700,533344,Critical
12581,606003,Critical
18580,638153,Critical
18605,642133,Critical
18600,620016,Critical
7975,441201,Critical
7016,314403,Critical
5257,573211,Critical
12526,621803,Critical
1589,583236,Critical
15199,416109,Critical
12171,625605,Critical
4086,822123,Critical
605,522437,Critical
8382,305026,Critical
1469,583135,Critical
8057,413205,Critical
6932,311402,Critical
10219,245207,Critical
4264,413404,Critical
11766,637204,Critical
10243,229203,Critical
6258,759121,Critical
14068,508004,Critical
15703,415110,Critical
14738,751003,Critical
1712,533437,Critical
8389,341506,Critical
13606,226012,Critical
13885,110030,Critical
8477,332702,Critical
9651,141014,Critical
1924,782447,Critical
18824,500019,Critical
12196,627114,Critical
1473,585402,Critical
11846,636451,Critical
14061,502312,Critical
1600,591312,Critical
18498,695026,Critical
11977,624306,Critical
5248,573101,Critical
16516,741238,Critical
8628,110088,Critical
5243,573124,Critical
18525,421603,Critical
12965,722203,Critical
1621,585322,Critical
2304,110076,Critical
9039,570030,Critical
5239,573118,Critical
11770,637205,Critical
18568,302028,Critical
4509,413604,Critical
14064,502301,Critical
18523,415309,Critical
5213,577536,Critical
1604,585301,Critical
9715,721601,Critical
12949,713333,Critical
10246,229125,Critical
4259,413221,Critical
1527,591222,Critical
18674,172021,Critical
8915,560016,Critical
17734,520010,Critical
8019,445205,Critical
10265,229128,Critical
9435,440001,Critical
12060,627953,Critical
14924,422113,Critical
7024,326515,Critical
553,507158,Critical
7828,444110,Critical
1840,530048,Critical
5146,584120,Critical
13092,712404,Critical
18700,560067,Critical
5156,584170,Critical
8685,380008,Critical
16500,225207,Critical
5196,577520,Critical
5199,577522,Critical
1754,533286,Critical
15718,431724,Critical
7885,443101,Critical
8653,110097,Critical
4199,412802,Critical
7846,444109,Critical
16807,641045,Critical
1777,533341,Critical
18409,711115,Critical
10979,262801,Critical
18374,741234,Critical
8069,414301,Critical
10886,221202,Critical
1453,583124,Critical
8633,110006,Critical
15335,530001,Critical
1032,509410,Critical
1035,509217,Critical
1036,509217,Critical
4184,506349,Critical
7889,443203,Critical
18457,560091,Critical
6593,141421,Critical
13152,721260,Critical
13130,721514,Critical
7029,326037,Critical
13133,721122,Critical
15804,151003,Critical
6908,305621,Critical
509,524405,Critical
13171,723202,Critical
12427,622407,Critical
6403,761009,Critical
12052,628718,Critical
3010,127306,Critical
18262,627401,Critical
8664,110028,Critical
10654,741123,Critical
10621,742304,Critical
7896,443304,Critical
10253,229001,Critical
15835,380026,Critical
7701,416304,Critical
10655,284405,Critical
13154,721242,Critical
7909,442917,Critical
12520,621719,Critical
558,507203,Critical
10955,243641,Critical
1716,533291,Critical
6324,768204,Critical
7891,444303,Critical
11460,209859,Critical
7900,443403,Critical
3744,804401,Critical
11845,637401,Critical
12436,622303,Critical
12038,630502,Critical
4322,414202,Critical
16461,272123,Critical
76,805131,Critical
15880,390025,Critical
5099,486882,Critical
5082,484110,Critical
7689,416420,Critical
15419,500062,Critical
13196,302006,Critical
13214,342310,Critical
399,517583,Critical
5059,470113,Critical
8476,332703,Critical
4482,422103,Critical
9958,522001,Critical
11034,250502,Critical
2271,493335,Critical
7627,416001,Critical
2576,361170,Critical
13512,211002,Critical
7633,416122,Critical
4016,825167,Critical
13217,342604,Critical
10143,491225,Critical
349,518573,Critical
15160,302026,Critical
798,531035,Critical
3072,125050,Critical
4187,506343,Critical
13230,332712,Critical
4203,415527,Critical
18196,302037,Critical
19278,500037,Critical
13100,712223,Critical
7586,476111,Critical
16934,201316,Critical
8943,560086,Critical
771,521402,Critical
2333,385566,Critical
3969,193401,Critical
5012,486111,Critical
6525,762014,Critical
2621,370140,Critical
8699,384265,Critical
791,531002,Critical
3981,182311,Critical
7598,476229,Critical
8237,344001,Critical
14998,147111,Critical
2351,382450,Critical
309,496220,Critical
6573,140119,Critical
12321,612601,Critical
6566,140108,Critical
2388,382650,Critical
330,493338,Critical
4004,828204,Critical
6554,140306,Critical
10017,530028,Critical
2363,382130,Critical
7556,475675,Critical
2354,382120,Critical
15932,193403,Critical
13326,635124,Critical
2373,382016,Critical
2282,492109,Critical
18949,695033,Critical
12434,622507,Critical
11989,624707,Critical
9183,695504,Critical
11983,624202,Critical
6861,144101,Critical
16959,700027,Critical
19545,442105,Critical
2447,383335,Critical
2467,383250,Critical
644,524313,Critical
4846,451113,Critical
7502,456770,Critical
2474,383460,Critical
9687,144006,Critical
9959,522004,Critical
326,493332,Critical
11590,604402,Critical
15974,560113,Critical
4938,460001,Critical
14336,847308,Critical
7489,465230,Critical
8647,110020,Critical
14590,685535,Critical
14595,685612,Critical
2522,364275,Critical
2786,392150,Critical
7059,325204,Critical
16974,700026,Critical
19340,360578,Critical
7483,465550,Critical
17878,828107,Critical
16020,573202,Critical
9949,524410,Critical
3640,824113,Critical
13663,700064,Critical
9979,520002,Critical
16427,639103,Critical
6839,144409,Critical
16983,700054,Critical
4875,480882,Critical
17777,812003,Critical
7481,465441,Critical
2622,370435,Critical
7420,458228,Critical
8351,342307,Critical
17796,110069,Critical
9929,518563,Critical
6647,148104,Critical
6639,148030,Critical
4879,480999,Critical
15180,466118,Critical
13468,612804,Critical
4777,678622,Critical
766,521286,Critical
9925,518464,Critical
312,496440,Critical
10611,742121,Critical
9902,500011,Critical
16999,743129,Critical
16423,621705,Critical
11950,641663,Critical
2712,363030,Critical
2705,363320,Critical
17715,500010,Critical
2686,363650,Critical
4760,679533,Critical
12046,628714,Critical
4330,414204,Critical
2296,110039,Critical
2482,365410,Critical
2749,394380,Critical
13182,324001,Critical
7078,323022,Critical
11201,272202,Critical
13594,201002,Critical
6691,143410,Critical
3038,122502,Critical
7367,450116,Critical
16419,613005,Critical
7102,313333,Critical
2779,393125,Critical
13549,251001,Critical
4665,670644,Critical
2783,393030,Critical
7366,450112,Critical
2824,388160,Critical
7317,454773,Critical
697,523212,Critical
17585,229406,Critical
317,496107,Critical
9893,500069,Critical
11937,641668,Critical
290,497225,Critical
1850,530031,Critical
9703,723153,Critical
6695,151501,Critical
3827,171007,Critical
2869,389110,Critical
1563,582114,Critical
8440,306303,Critical
7234,328027,Critical
3041,122051,Critical
16325,627111,Critical
7362,450881,Critical
2785,394810,Critical
3779,175124,Critical
9710,723133,Critical
4749,679501,Critical
13667,700015,Critical
13914,383316,Critical
7290,303109,Critical
10642,742227,Critical
14480,577550,Critical
4377,425413,Critical
19643,201318,Critical
17496,636404,Critical
17492,642007,Critical
13684,741150,Critical
12612,202001,Critical
7251,321609,Critical
3705,802158,Critical
4476,422502,Critical
13576,208007,Critical
6807,144221,Critical
7267,303008,Critical
17462,632520,Critical
11238,272151,Critical
17478,606906,Critical
4380,425426,Critical
14472,506348,Critical
6709,151301,Critical
12452,621717,Critical
4367,424305,Critical
4532,431703,Critical
2927,390012,Critical
15398,500018,Critical
4539,431402,Critical
145,844126,Critical
3016,127201,Critical
12440,621316,Critical
13731,713204,Critical
3120,132140,Critical
4412,423403,Critical
11823,636141,Critical
17410,415502,Critical
17403,413212,Critical
3046,122006,Critical
3051,123034,Critical
7087,304504,Critical
13733,713208,Critical
6781,143515,Critical
17342,504302,Critical
13930,361140,Critical
11911,638657,Critical
13746,721454,Critical
17289,127025,Critical
4419,423301,Critical
4423,423111,Critical
17239,364260,Critical
17240,364330,Critical
16299,243637,Critical
16293,243501,Critical
6719,152025,Critical
13899,382321,Critical
7175,301707,Critical
7176,301410,Critical
13104,711302,Critical
11540,604207,Critical
3148,124109,Critical
7172,301026,Critical
6752,152124,Critical
17667,768201,Critical
17354,424104,Critical
3168,131101,Critical
7191,301708,Critical
9818,638656,Critical
9719,721653,Critical
120,821311,Critical
13839,591247,Critical
9821,630606,Critical
11832,636103,Critical
4410,423203,Critical
13807,562138,Critical
13876,584124,Critical
8117,413801,Critical
16369,612402,Critical
7099,313341,Critical
15878,390018,Critical
14422,171006,Critical
15539,490023,Critical
13880,493776,Critical
13805,560083,Critical
13846,582118,Critical
16331,627357,Critical
3393,843107,Critical
4393,425003,Critical
13543,250005,Critical
115,821310,Critical
13890,385530,Critical
9728,721649,Critical
13849,583278,Critical
4400,423502,Critical
16357,639202,Critical
9781,577501,Critical
707,523260,Critical
7105,313331,Critical
12013,629804,Critical
8207,322214,Critical
6662,143109,Critical
12017,629101,Critical
7485,465110,Critical
6664,143009,Critical
11891,635815,Critical
8572,632503,Critical
8231,322029,Critical
13224,341518,Critical
13215,342310,Critical
8230,322024,Critical
13809,562131,Critical
12745,741246,Critical
12676,203129,Critical
7561,475673,Critical
13328,637013,Critical
1368,562114,Critical
7149,313901,Critical
11971,624003,Critical
13795,835218,Critical
7496,465447,Critical
14545,572128,Critical
13783,721155,Critical
12022,629166,Critical
6529,762100,Critical
12250,626108,Critical
8271,334604,Critical
8335,345034,Critical
11894,635854,Critical
12307,621305,Critical
11998,624618,Critical
13898,382028,Critical
7567,475330,Critical
11895,635854,Critical
6574,141007,Critical
13884,110068,Critical
13320,638001,Critical
8533,335526,Critical
6623,140701,Critical
12023,629166,Critical
6625,140602,Critical
12011,629001,Critical
6657,143202,Critical
12033,630307,Critical
14007,524317,Critical
12242,626118,Critical
8166,412202,Critical
8859,190020,Critical
8170,412312,Critical
11889,635901,Critical
12025,629171,Critical
6323,768214,Critical
12713,206123,Critical
6314,768221,Critical
13187,313328,Critical
6385,761119,Critical
13821,590015,Critical
13816,587314,Critical
13362,629158,Critical
6383,761117,Critical
12700,207250,Critical
6379,761013,Critical
6378,761013,Critical
11780,637210,Critical
13581,208012,Critical
11814,642113,Critical
8873,182206,Critical
12658,203405,Critical
17905,560055,Critical
7933,441224,Critical
12137,623409,Critical
12958,713212,Critical
12957,713203,Critical
12142,630551,Critical
7854,444802,Critical
12101,625107,Critical
14117,533124,Critical
13913,383275,Critical
14283,125011,Critical
11781,637304,Critical
13837,586216,Critical
12720,206127,Critical
12727,741164,Critical
11906,638673,Critical
14772,752018,Critical
14773,752082,Critical
6282,758013,Critical
7484,465226,Critical
11909,638672,Critical
6260,759021,Critical
6247,759015,Critical
12640,202127,Critical
12638,202139,Critical
13767,711307,Critical
6359,770072,Critical
15894,122009,Critical
7545,473995,Critical
8302,333023,Critical
13334,643217,Critical
9009,577129,Critical
6433,761212,Critical
6431,761208,Critical
14679,695301,Critical
14681,695313,Critical
9020,573217,Critical
12295,639203,Critical
14615,686571,Critical
341,493113,Critical
7595,476554,Critical
354,516175,Critical
2332,385310,Critical
17863,171009,Critical
2325,385110,Critical
10158,225126,Critical
408,517526,Critical
18202,342011,Critical
10153,497331,Critical
2132,781350,Critical
389,517592,Critical
385,517112,Critical
363,516309,Critical
18139,422012,Critical
2817,387115,Critical
344,518122,Critical
340,492009,Critical
18125,410508,Critical
2278,493111,Critical
2280,493114,Critical
334,493890,Critical
18101,444001,Critical
10139,495555,Critical
2518,364280,Critical
2525,364230,Critical
2992,135003,Critical
11060,244927,Critical
2517,364290,Critical
2505,364295,Critical
17887,825330,Critical
12099,625009,Critical
9675,151212,Critical
11441,209310,Critical
9863,505002,Critical
3023,121105,Critical
11714,638458,Critical
2350,382225,Critical
11073,251311,Critical
10008,530016,Critical
2413,384430,Critical
2419,384570,Critical
2421,384315,Critical
2424,384225,Critical
18009,695019,Critical
9982,521137,Critical
2443,383317,Critical
2444,383225,Critical
2445,383330,Critical
2452,383110,Critical
2476,365610,Critical
2478,365421,Critical
2479,364522,Critical
17890,835215,Critical
11175,277302,Critical
9897,500026,Critical
13279,605009,Critical
2754,394370,Critical
2625,370445,Critical
2631,370455,Critical
2639,370130,Critical
11142,221602,Critical
9926,518464,Critical
11163,271871,Critical
17732,524005,Critical
9906,500047,Critical
17719,500049,Critical
17685,713301,Critical
2719,388540,Critical
15131,305022,Critical
294,496665,Critical
7151,301001,Critical
11938,641402,Critical
13912,383462,Critical
12782,743504,Critical
12008,629252,Critical
12262,626109,Critical
8546,335711,Critical
7623,416112,Critical
7621,416103,Critical
7619,416101,Critical
12002,629201,Critical
2614,362570,Critical
2588,362110,Critical
17807,382480,Critical
9940,534280,Critical
2877,389320,Critical
9892,500058,Critical
17551,612105,Critical
17549,612401,Critical
2929,391410,Critical
2932,391210,Critical
17522,629602,Critical
17521,629602,Critical
17520,629802,Critical
9889,500012,Critical
17510,303908,Critical
17509,303302,Critical
249,491340,Critical
2985,133202,Critical
17486,638054,Critical
17483,638107,Critical
2811,387640,Critical
17656,678541,Critical
2527,364240,Critical
2777,392020,Critical
9944,534007,Critical
17818,360460,Critical
9943,534442,Critical
8643,110012,Critical
9654,141012,Critical
6914,305207,Critical
13464,614013,Critical
13634,700029,Critical
19051,711204,Critical
10715,281404,Critical
7421,458228,Critical
3018,127043,Critical
7400,458669,Critical
14891,431120,Critical
8755,390022,Critical
6156,757036,Critical
11918,641665,Critical
14867,415538,Critical
14996,141120,Critical
6226,767062,Critical
12561,606301,Critical
11935,641302,Critical
6935,311602,Critical
7270,303706,Critical
11752,637002,Critical
12459,621005,Critical
7098,313324,Critical
6185,752081,Critical
7315,454660,Critical
7276,303603,Critical
3087,125120,Critical
6153,757091,Critical
9677,143512,Critical
18704,560035,Critical
7237,302027,Critical
12589,606303,Critical
12631,204212,Critical
13560,274207,Critical
12319,621315,Critical
14959,768202,Critical
7441,457226,Critical
6989,323307,Critical
12318,639120,Critical
7448,457118,Critical
11723,635107,Critical
7052,324002,Critical
7410,458330,Critical
8225,322001,Critical
14925,422606,Critical
7076,323801,Critical
8352,342605,Critical
12456,621105,Critical
11467,225001,Critical
7248,322240,Critical
10419,247663,Critical
13480,620001,Critical
318,496107,Critical
12557,605702,Critical
13421,626101,Critical
15439,517101,Critical
18761,141013,Critical
13511,212214,Critical
7405,458990,Critical
4396,425002,Critical
12502,613602,Critical
11699,638003,Critical
6984,312605,Critical
9849,224001,Critical
8736,387002,Critical
7282,303002,Critical
12613,202121,Critical
11928,641697,Critical
19055,534001,Critical
8344,342024,Critical
12510,613004,Critical
17850,122008,Critical
491,521215,Critical
14819,444005,Critical
2611,362560,Critical
11759,637020,Critical
7531,473551,Critical
12516,613003,Critical
13307,641004,Critical
13389,625002,Critical
8514,307802,Critical
12312,639110,Critical
11337,273151,Critical
12629,202123,Critical
4333,414205,Critical
17743,530047,Critical
12619,202145,Critical
13589,224208,Critical
7288,303701,Critical
14833,441302,Critical
13431,607802,Critical
7957,441909,Critical
13595,201006,Critical
7104,313202,Critical
7244,303301,Critical
13510,212212,Critical
8365,342301,Critical
15998,562125,Critical
13632,700053,Critical
11718,635122,Critical
12509,613402,Critical
6231,759124,Critical
9098,685512,Critical
11940,641654,Critical
7349,483336,Critical
15105,453112,Critical
18394,713207,Critical
8403,341022,Critical
12394,614628,Critical
14842,414601,Critical
11941,638812,Critical
14286,126112,Critical
7042,325222,Critical
3089,125113,Critical
6955,311404,Critical
3048,122103,Critical
14246,388640,Critical
6951,311403,Critical
12131,623526,Critical
7888,443202,Critical
11847,636451,Critical
7881,443106,Critical
6840,144409,Critical
8000,442306,Critical
8064,414502,Critical
14493,577566,Critical
8066,413726,Critical
7031,326036,Critical
8084,413208,Critical
7699,416409,Critical
8090,413319,Critical
14469,504209,Critical
11820,636105,Critical
11882,635811,Critical
7038,325218,Critical
13148,721232,Critical
7040,325207,Critical
12125,623517,Critical
6956,311204,Critical
15372,148001,Critical
13016,713148,Critical
14116,533124,Critical
6999,314021,Critical
6899,305812,Critical
11838,636138,Critical
7838,444501,Critical
14099,516270,Critical
13494,282002,Critical
8745,389001,Critical
11837,636106,Critical
6841,144515,Critical
6944,311202,Critical
7876,443002,Critical
11881,632209,Critical
8916,560038,Critical
11866,637412,Critical
11861,637406,Critical
13023,713129,Critical
8902,833203,Critical
6978,312620,Critical
12120,623120,Critical
6969,312021,Critical
8904,831001,Critical
6967,312204,Critical
13150,721166,Critical
13155,721144,Critical
13662,700091,Critical
7195,301706,Critical
12181,627416,Critical
6758,152022,Critical
6753,142042,Critical
14398,804404,Critical
14053,502336,Critical
8938,560070,Critical
13131,721517,Critical
6732,152032,Critical
7178,301022,Critical
11862,637406,Critical
6126,757105,Critical
12454,621216,Critical
8580,632515,Critical
13459,621212,Critical
13546,251307,Critical
13658,700040,Critical
15023,152021,Critical
11753,637404,Critical
7433,457993,Critical
11961,624801,Critical
12449,621117,Critical
12475,621011,Critical
12587,606111,Critical
11728,635126,Critical
12179,627425,Critical
7021,326021,Critical
12069,627805,Critical
8611,493526,Critical
6707,151509,Critical
8129,412203,Critical
12054,627719,Critical
6680,143411,Critical
13160,723121,Critical
11815,642113,Critical
8579,632512,Critical
13170,723130,Critical
13138,721127,Critical
7713,415409,Critical
7010,314406,Critical
6728,151211,Critical
13083,712308,Critical
8655,110023,Critical
8013,445230,Critical
6810,146114,Critical
8923,560094,Critical
6804,146024,Critical
6803,146024,Critical
7350,483442,Critical
12084,625018,Critical
14059,502281,Critical
6767,152004,Critical
4070,829203,Critical
6982,312601,Critical
4056,829119,Critical
4991,487770,Critical
11620,606708,Critical
5118,464990,Critical
15856,370203,Critical
15858,388360,Critical
5104,486666,Critical
11619,606708,Critical
6604,141114,Critical
5049,470881,Critical
5034,485774,Critical
5031,485113,Critical
15187,473249,Critical
16029,570005,Critical
16022,563117,Critical
9436,440005,Critical
15938,827012,Critical
4961,480551,Critical
15962,560093,Critical
4953,480001,Critical
15975,560002,Critical
15980,560107,Critical
8670,110027,Critical
15184,456221,Critical
78,800008,Critical
7554,475110,Critical
5135,464661,Critical
11636,632104,Critical
11639,641021,Critical
9185,695126,Critical
2681,360110,Critical
16087,686003,Critical
9489,422608,Critical
15719,422005,Critical
13826,583115,Critical
11555,605652,Critical
18662,122011,Critical
4491,413607,Critical
11550,605601,Critical
11549,605601,Critical
15158,328030,Critical
11542,605202,Critical
4461,422013,Critical
4451,431707,Critical
16272,212204,Critical
16276,212404,Critical
9257,462026,Critical
4409,423105,Critical
16319,242220,Critical
16322,627109,Critical
2787,393110,Critical
16038,572168,Critical
4895,462047,Critical
16018,577589,Critical
4915,471201,Critical
4754,679121,Critical
1360,562157,Critical
1283,814152,Critical
10298,261208,Critical
1284,814151,Critical
1333,833105,Critical
10296,261136,Critical
10837,230401,Critical
10294,261206,Critical
1355,560082,Critical
612,522436,Critical
1357,560089,Critical
1359,562106,Critical
1365,561203,Critical
15900,124141,Critical
1367,562112,Critical
1371,561101,Critical
18856,521153,Critical
10848,230138,Critical
1378,562159,Critical
10850,230141,Critical
1599,591218,Critical
1603,591243,Critical
18565,148029,Critical
1804,532401,Critical
566,507318,Critical
1386,562135,Critical
18839,500094,Critical
18812,502101,Critical
18806,641015,Critical
18357,700017,Critical
16615,606604,Critical
1478,586113,Critical
1415,591115,Critical
1417,591131,Critical
10286,261141,Critical
608,522410,Critical
1451,583123,Critical
1452,583123,Critical
1461,583131,Critical
10281,261302,Critical
10272,229309,Critical
1485,586108,Critical
448,534004,Critical
10263,229306,Critical
1534,591238,Critical
1539,581201,Critical
18644,388470,Critical
1553,580023,Critical
10236,226008,Critical
18610,629172,Critical
10939,243631,Critical
10940,243632,Critical
4756,678593,Critical
16141,695585,Critical
10186,224116,Critical
5447,572213,Critical
4962,480108,Critical
11534,604152,Critical
5323,563137,Critical
5327,571430,Critical
2697,363330,Critical
9290,450114,Critical
5354,571440,Critical
2695,363310,Critical
11671,636806,Critical
9268,485005,Critical
15559,110029,Critical
5450,572215,Critical
5253,573216,Critical
15711,413001,Critical
9277,486884,Critical
5474,572129,Critical
5316,563133,Critical
903,508250,Critical
11657,641020,Critical
5270,571211,Critical
15669,440026,Critical
15882,390007,Critical
11653,641026,Critical
15674,442303,Critical
16482,209736,Critical
16428,639103,Critical
16432,605766,Critical
12,811313,Critical
16515,741255,Critical
16801,606901,Critical
15140,311806,Critical
4311,431517,Critical
11526,604201,Critical
16581,711322,Critical
11510,631212,Critical
4331,414204,Critical
15994,560040,Critical
14119,533102,Critical
4210,415513,Critical
11529,604302,Critical
9577,753001,Critical
16447,276138,Critical
4325,424119,Critical
4312,431523,Critical
4326,431124,Critical
16363,639119,Critical
4226,422601,Critical
9,811308,Critical
16457,277207,Critical
4227,413738,Critical
15133,305802,Critical
5261,573130,Critical
5247,573135,Critical
5144,584118,Critical
2302,110044,Critical
15341,803101,Critical
15347,390002,Critical
5644,686635,Critical
18195,302018,Critical
5594,685553,Critical
11690,638057,Critical
5561,686693,Critical
1213,515122,Critical
15430,500067,Critical
15459,522308,Critical
15464,521107,Critical
15477,530013,Critical
5236,573112,Critical
3860,174101,Critical
5151,584126,Critical
8649,110049,Critical
4545,431541,Critical
4521,413509,Critical
15165,303702,Critical
16190,673526,Critical
9524,413506,Critical
5039,485772,Critical
8933,560027,Critical
16152,695028,Critical
11695,638115,Critical
15327,522002,Critical
1490,586117,Critical
7341,483501,Critical
5228,577525,Critical
5214,577536,Critical
15701,413116,Critical
15708,413711,Critical
15709,413004,Critical
5476,572104,Critical
5482,572136,Critical
11537,604307,Critical
9815,635001,Critical
8139,410504,Critical
15333,533101,Critical
15953,832108,Critical
6550,140507,Critical
5779,695615,Critical
5789,695502,Critical
15272,332721,Critical
15479,530009,Critical
1214,515122,Critical
15259,341533,Critical
15257,341305,Critical
19133,201011,Critical
15247,333705,Critical
15235,334804,Critical
1862,535183,Critical
15565,462031,Critical
548,507208,Critical
3809,172104,Critical
3575,841426,Critical
3635,824219,Critical
18640,393010,Critical
3684,812006,Critical
3704,802204,Critical
3726,802128,Critical
430,534126,Critical
17032,713205,Critical
67,805124,Critical
11364,210129,Critical
11369,210502,Critical
48,803114,Critical
3568,843328,Critical
11376,210425,Critical
16992,741167,Critical
3821,171205,Critical
17150,480447,Critical
11317,273403,Critical
11315,271124,Critical
17176,801113,Critical
17412,415522,Critical
3052,123411,Critical
17372,416236,Critical
17366,484117,Critical
17099,680594,Critical
3564,843333,Critical
1066,506313,Critical
1028,509202,Critical
1058,506008,Critical
976,505185,Critical
980,502296,Critical
10711,281202,Critical
19272,500098,Critical
19261,500033,Critical
19258,503174,Critical
1006,508246,Critical
1008,508218,Critical
10717,281205,Critical
1023,508212,Critical
10572,731202,Critical
109,821107,Critical
19221,632405,Critical
19220,632405,Critical
19217,142027,Critical
19206,685554,Critical
1037,509110,Critical
19198,388305,Critical
1055,506310,Critical
449,534450,Critical
18225,641049,Critical
9600,758002,Critical
3717,802103,Critical
9848,209801,Critical
17323,825314,Critical
3159,124104,Critical
42,801304,Critical
16649,643226,Critical
4177,506244,Critical
16647,643103,Critical
16639,637409,Critical
16636,637017,Critical
19279,500014,Critical
16626,636904,Critical
9668,143002,Critical
16969,700031,Critical
16758,306901,Critical
3886,193101,Critical
38,801301,Critical
3164,131302,Critical
3934,184205,Critical
11403,209732,Critical
16852,625522,Critical
16844,630106,Critical
16839,629403,Critical
16820,643201,Critical
6641,148024,Critical
4047,825303,Critical
10183,224121,Critical
11429,209401,Critical
16803,606601,Critical
16653,642203,Critical
8668,110058,Critical
9891,500048,Critical
16667,636030,Critical
17256,586123,Critical
11280,271202,Critical
3300,175101,Critical
11292,271313,Critical
208,495334,Critical
3352,847402,Critical
3387,843127,Critical
202,495556,Critical
17192,533261,Critical
11310,271301,Critical
151,494223,Critical
16972,700078,Critical
3832,171207,Critical
3852,173217,Critical
8433,306401,Critical
11455,209865,Critical
16721,625104,Critical
11472,225404,Critical
16709,627758,Critical
16694,629852,Critical
16692,629301,Critical
11480,225204,Critical
16678,638660,Critical
975,505174,Critical
11445,209115,Critical
1078,501509,Critical
1268,814157,Critical
1928,782102,Critical
1709,533431,Critical
1724,535128,Critical
1745,532462,Critical
1746,532440,Critical
1749,535527,Critical
1752,533292,Critical
10961,241201,Critical
580,507123,Critical
18427,370460,Critical
1278,814160,Critical
10311,228141,Critical
10700,281301,Critical
823,505331,Critical
19494,678504,Critical
10669,285126,Critical
834,505528,Critical
836,505524,Critical
837,505524,Critical
10676,283103,Critical
860,509350,Critical
19419,580032,Critical
884,502267,Critical
889,508101,Critical
10950,243724,Critical
586,522612,Critical
587,522233,Critical
590,522611,Critical
518,524320,Critical
1243,518583,Critical
524,522015,Critical
18314,201017,Critical
18292,211001,Critical
11012,250101,Critical
485,521111,Critical
479,521325,Critical
10163,224132,Critical
18248,629154,Critical
456,534425,Critical
10159,225414,Critical
450,534450,Critical
570,507306,Critical
10991,262727,Critical
18564,142029,Critical
10972,241406,Critical
18563,140115,Critical
1628,585309,Critical
1637,585291,Critical
18521,416315,Critical
10948,243636,Critical
1660,581120,Critical
905,508114,Critical
18249,629154,Critical
19352,391320,Critical
633,524004,Critical
794,531021,Critical
19324,382415,Critical
630,524228,Critical
1259,835301,Critical
10533,743232,Critical
618,522401,Critical
19151,700086,Critical
10740,212217,Critical
1093,501504,Critical
19111,622005,Critical
19108,626188,Critical
1094,501111,Critical
19090,642006,Critical
617,522401,Critical
1113,515721,Critical
1117,515787,Critical
10408,248143,Critical
1128,515405,Critical
616,522421,Critical
1133,515812,Critical
921,503165,Critical
1215,518347,Critical
18967,678546,Critical
777,502114,Critical
1162,517390,Critical
19551,413411,Critical
10628,742132,Critical
768,521190,Critical
922,503175,Critical
942,503235,Critical
19503,462023,Critical
799,531035,Critical
952,505498,Critical
797,531127,Critical
934,503124,Critical
656,523271,Critical
669,523112,Critical
10637,742201,Critical
949,503180,Critical
688,506003,Critical
19604,641005,Critical
767,521286,Critical
641,524137,Critical
750,505469,Critical
19585,303121,Critical
19335,384320,Critical
10646,742148,Critical
725,534166,Critical
713,534301,Critical
727,534176,Critical
6308,768042,Critical
6271,758027,Critical
6272,758023,Critical
5252,573120,Critical
6278,758044,Critical
14775,752078,Critical
5246,573131,Critical
6305,768052,Critical
5219,577541,Critical
5218,577540,Critical
9037,570006,Critical
5211,577533,Critical
2773,393002,Critical
15465,521107,Critical
15705,415516,Critical
15706,415516,Critical
5202,577557,Critical
3033,122413,Critical
3029,121102,Critical
5260,573136,Critical
5203,577599,Critical
15757,752060,Critical
6268,758029,Critical
5142,584115,Critical
6353,770002,Critical
5160,584134,Critical
9426,442501,Critical
6357,770074,Critical
15763,759122,Critical
15767,768210,Critical
15774,769004,Critical
8571,632501,Critical
6368,770035,Critical
5141,584139,Critical
15676,414606,Critical
15807,151208,Critical
5791,695542,Critical
15712,431005,Critical
9036,570016,Critical
6349,770019,Critical
6244,759026,Critical
15663,443104,Critical
6246,759020,Critical
6265,758080,Critical
15273,332742,Critical
5699,680601,Critical
9190,695009,Critical
6039,755024,Critical
11711,638505,Critical
15144,327605,Critical
9114,686012,Critical
15171,483113,Critical
15191,474005,Critical
15201,416216,Critical
15063,678534,Critical
15263,306023,Critical
11705,638152,Critical
15037,679337,Critical
9181,695132,Critical
15220,416308,Critical
5818,673591,Critical
6052,754217,Critical
15234,334801,Critical
15240,333035,Critical
15244,331025,Critical
15749,754253,Critical
15021,152117,Critical
15252,345024,Critical
15138,311026,Critical
15122,144513,Critical
14993,141119,Critical
9218,678721,Critical
5784,695024,Critical
5780,695607,Critical
14973,761030,Critical
11697,638051,Critical
15304,631304,Critical
15309,723142,Critical
15270,332031,Critical
15310,723145,Critical
18821,500038,Critical
14935,795136,Critical
15016,151105,Critical
6107,757104,Critical
19339,362715,Critical
40,801302,Critical
15331,531116,Critical
18780,342007,Critical
6115,757087,Critical
14946,797103,Critical
6301,768030,Critical
5794,695561,Critical
5162,581325,Critical
4216,415002,Critical
5181,577549,Critical
5195,577519,Critical
13802,832107,Critical
7152,301028,Critical
13798,814114,Critical
3385,843101,Critical
3372,847409,Critical
9823,630561,Critical
7153,301021,Critical
3351,847223,Critical
17305,172032,Critical
16414,614402,Critical
4345,425442,Critical
16401,622409,Critical
5429,577214,Critical
5411,577413,Critical
11665,636902,Critical
15590,458001,Critical
6204,767018,Critical
15594,456003,Critical
18197,302019,Critical
3083,125112,Critical
4293,431204,Critical
6649,148020,Critical
195,495663,Critical
188,495552,Critical
13836,586122,Critical
11726,635110,Critical
7180,301411,Critical
9220,678705,Critical
3140,124508,Critical
17300,175104,Critical
17258,582113,Critical
210,495554,Critical
9499,431122,Critical
7156,301604,Critical
17164,522005,Critical
11309,271305,Critical
13831,583223,Critical
11313,271307,Critical
159,494441,Critical
9808,143521,Critical
13814,587204,Critical
17188,531082,Critical
17190,532443,Critical
11905,635652,Critical
17193,532216,Critical
11669,636804,Critical
4343,425107,Critical
5328,571477,Critical
15524,805132,Critical
5470,572122,Critical
5469,572121,Critical
3082,125039,Critical
14850,413251,Critical
11757,637019,Critical
5452,572119,Critical
6183,752079,Critical
15517,812001,Critical
14845,413206,Critical
5471,572124,Critical
15552,110086,Critical
5289,561209,Critical
8507,343048,Critical
5275,571232,Critical
15720,422006,Critical
15722,413501,Critical
9424,443206,Critical
5200,577524,Critical
6356,770014,Critical
9034,570001,Critical
6179,752025,Critical
5478,572132,Critical
5324,563138,Critical
9040,570014,Critical
5322,563136,Critical
5317,563121,Critical
6235,759118,Critical
5310,563157,Critical
9331,416008,Critical
5303,563125,Critical
6238,759123,Critical
9418,444502,Critical
4351,424002,Critical
14840,414201,Critical
6172,752057,Critical
5446,572212,Critical
3044,122503,Critical
3075,125033,Critical
15476,530017,Critical
14866,415102,Critical
5487,572140,Critical
6166,752020,Critical
6169,752027,Critical
5480,572106,Critical
15057,678012,Critical
9534,797004,Critical
6687,143419,Critical
6706,151505,Critical
4358,424302,Critical
4356,424310,Critical
16391,614701,Critical
4355,424307,Critical
16397,622402,Critical
4347,425407,Critical
16360,639113,Critical
16333,628653,Critical
6766,152122,Critical
4407,423213,Critical
16247,743710,Critical
14461,825323,Critical
10770,222002,Critical
11541,605201,Critical
6713,151401,Critical
6717,151210,Critical
4441,431808,Critical
11444,209111,Critical
6720,152025,Critical
11826,636114,Critical
12042,628712,Critical
11533,604205,Critical
6780,143516,Critical
16368,612703,Critical
7,811303,Critical
9778,560008,Critical
9782,573201,Critical
16150,695022,Critical
9509,424202,Critical
14542,572115,Critical
9433,440030,Critical
6708,151102,Critical
14479,509135,Critical
10726,212107,Critical
14385,812004,Critical
6774,143604,Critical
4397,425116,Critical
14383,824205,Critical
4391,425420,Critical
4390,425111,Critical
8,811305,Critical
4384,425109,Critical
8924,560080,Critical
16335,628703,Critical
4382,424105,Critical
16274,211008,Critical
12632,204101,Critical
6727,152107,Critical
11802,642002,Critical
4972,480107,Critical
6551,140501,Critical
15940,827015,Critical
15941,828207,Critical
9439,440015,Critical
15955,831003,Critical
4968,480106,Critical
6570,140125,Critical
11609,606704,Critical
15969,560077,Critical
11617,606804,Critical
5029,485551,Critical
8995,585220,Critical
5032,485771,Critical
9032,570002,Critical
5125,464573,Critical
14358,841204,Critical
11621,606805,Critical
17283,391340,Critical
5123,464886,Critical
6548,160003,Critical
15579,452012,Critical
16277,212404,Critical
9502,425506,Critical
13218,342005,Critical
19618,627420,Critical
6736,142038,Critical
6739,142011,Critical
11829,636115,Critical
6744,142049,Critical
6751,152116,Critical
16329,627117,Critical
6676,143501,Critical
6673,143205,Critical
15429,500087,Critical
8967,583221,Critical
15918,171015,Critical
6518,765002,Critical
5024,485773,Critical
5018,486005,Critical
6527,762002,Critical
5008,486223,Critical
5003,486115,Critical
6528,762104,Critical
16140,695303,Critical
9771,135001,Critical
9742,509001,Critical
7166,301030,Critical
5588,685514,Critical
6140,757031,Critical
6850,144514,Critical
7041,325205,Critical
6120,757086,Critical
7161,301405,Critical
5650,686573,Critical
5639,686011,Critical
11693,638101,Critical
7464,466001,Critical
15400,500082,Critical
7475,466331,Critical
5630,686015,Critical
7564,474006,Critical
7578,477117,Critical
7691,416413,Critical
7848,444602,Critical
7879,443201,Critical
15369,142026,Critical
8060,414302,Critical
8437,306709,Critical
2645,370020,Critical
8385,341508,Critical
14875,413723,Critical
5280,571235,Critical
14894,425415,Critical
18694,814112,Critical
15413,500092,Critical
5109,464551,Critical
14881,413739,Critical
414,517507,Critical
1364,562111,Critical
15423,500056,Critical
6633,140406,Critical
14871,415537,Critical
14874,413714,Critical
2295,110036,Critical
9260,462028,Critical
15440,517172,Critical
9054,577243,Critical
15449,507154,Critical
2393,382845,Critical
15452,523165,Critical
2608,362150,Critical
8274,331803,Critical
9221,678545,Critical
9617,770001,Critical
18162,753003,Critical
16215,228132,Critical
11553,605108,Critical
10413,247667,Critical
16196,224119,Critical
14487,577523,Critical
4653,797109,Critical
14541,572113,Critical
14546,572105,Critical
17895,560300,Critical
18437,500036,Critical
16210,229126,Critical
9503,425308,Critical
4736,679536,Critical
4734,678581,Critical
14270,133201,Critical
13950,363530,Critical
13583,208005,Critical
10010,530003,Critical
9900,500043,Critical
9438,440022,Critical
16212,227805,Critical
14488,577546,Critical
14914,431716,Critical
16174,678571,Critical
14904,425102,Critical
3013,127030,Critical
15811,144023,Critical
8984,582101,Critical
2309,110045,Critical
4643,798601,Critical
4572,795002,Critical
4567,795004,Critical
4546,431536,Critical
4542,431501,Critical
4511,413534,Critical
6703,151201,Critical
6704,151506,Critical
14504,561206,Critical
13412,627007,Critical
4652,798602,Critical
4523,413601,Critical
14499,573127,Critical
14494,573111,Critical
4513,413608,Critical
9836,622001,Critical
6986,312623,Critical
17282,391740,Critical
17277,570018,Critical
16560,713144,Critical
6949,311024,Critical
4234,423605,Critical
4233,423601,Critical
14252,388710,Critical
4225,412803,Critical
11848,636354,Critical
9582,754222,Critical
4243,413705,Critical
14245,388630,Critical
14275,127022,Critical
4278,431102,Critical
8919,560075,Critical
16422,621653,Critical
6828,144528,Critical
6835,144505,Critical
6836,144418,Critical
14335,847238,Critical
6881,144622,Critical
16443,284203,Critical
11531,604204,Critical
11520,605106,Critical
6948,311802,Critical
6946,311203,Critical
4101,835209,Critical
3930,184141,Critical
8871,191102,Critical
3907,193123,Critical
11389,209721,Critical
13991,522305,Critical
3894,193103,Critical
14086,501359,Critical
13491,282001,Critical
11461,209825,Critical
11524,605110,Critical
6929,305404,Critical
9578,753013,Critical
6933,311601,Critical
16524,700137,Critical
6939,311605,Critical
4257,413217,Critical
4254,413406,Critical
6943,311604,Critical
14258,394120,Critical
4246,422605,Critical
6887,144405,Critical
8917,560036,Critical
4314,414203,Critical
7007,314804,Critical
9649,160047,Critical
4118,835213,Critical
16699,629601,Critical
11476,225121,Critical
16706,630202,Critical
16710,627862,Critical
9656,141413,Critical
4116,835211,Critical
14103,515211,Critical
6993,327021,Critical
9612,770032,Critical
16665,636309,Critical
9607,768017,Critical
16661,636203,Critical
9592,752024,Critical
11512,631210,Critical
16609,606806,Critical
8913,560007,Critical
14224,821312,Critical
4206,415023,Critical
6992,327032,Critical
9633,761020,Critical
6892,305005,Critical
16455,277210,Critical
14296,124021,Critical
4308,431215,Critical
6906,305901,Critical
4292,431154,Critical
10,811317,Critical
4287,431111,Critical
16481,209723,Critical
4286,423703,Critical
11528,604202,Critical
14242,387710,Critical
4124,504306,Critical
11515,605007,Critical
14237,493222,Critical
4170,506302,Critical
16671,636307,Critical
4162,506145,Critical
8880,828133,Critical
9628,760004,Critical
11481,225409,Critical
4132,504102,Critical
3950,192304,Critical
14013,523167,Critical
11394,209724,Critical
14072,505129,Critical
14023,534145,Critical
16804,606752,Critical
7017,314029,Critical
16741,627106,Critical
4097,834004,Critical
7008,314024,Critical
16751,334004,Critical
7012,314034,Critical
7014,314032,Critical
16759,307512,Critical
4005,828205,Critical
16760,307513,Critical
7015,314032,Critical
16802,606901,Critical
4079,829206,Critical
4072,829204,Critical
14060,502281,Critical
4065,829202,Critical
4063,829150,Critical
11435,209312,Critical
16830,636454,Critical
4011,828403,Critical
16786,605003,Critical
16822,643215,Critical
6391,761143,Critical
14051,502255,Critical
16811,641029,Critical
14044,535573,Critical
4042,825109,Critical
4034,825401,Critical
4028,815317,Critical
14043,535557,Critical
14042,503102,Critical
4027,825320,Critical
16863,627004,Critical
11430,209304,Critical
14039,533433,Critical
16833,624701,Critical
11410,212663,Critical
13942,370150,Critical
7036,325209,Critical
18834,500035,Critical
16851,630557,Critical
16862,627604,Critical
4059,825101,Critical
11432,209101,Critical
11396,209743,Critical
16890,613001,Critical
3802,172107,Critical
11372,210341,Critical
13554,271801,Critical
11380,210429,Critical
11890,635901,Critical
7050,325009,Critical
3892,193221,Critical
16886,622204,Critical
4000,828116,Critical
16892,621730,Critical
18832,500070,Critical
18,811202,Critical
3993,828301,Critical
3987,827013,Critical
3984,827014,Critical
14020,523183,Critical
11406,212601,Critical
25,811311,Critical
11402,209731,Critical
31,803120,Critical
49,803115,Critical
3810,171003,Critical
4057,829103,Critical
3828,171212,Critical
14058,502277,Critical
14066,508112,Critical
4003,828129,Critical
16878,639001,Critical
4001,828131,Critical
7058,325203,Critical
13987,522016,Critical
13981,524411,Critical
7060,325204,Critical
15003,148101,Critical
3812,171220,Critical
16984,700010,Critical
3823,171204,Critical
7070,323613,Critical
9692,144027,Critical
11386,209621,Critical
5023,485001,Critical
13967,534238,Critical
8927,560043,Critical
13963,393115,Critical
6965,312023,Critical
16616,606754,Critical
4202,415514,Critical
7120,313904,Critical
3134,136128,Critical
8905,831015,Critical
7112,313327,Critical
9735,721634,Critical
17089,686610,Critical
3607,841416,Critical
11897,635651,Critical
98,821102,Critical
7116,313342,Critical
11898,635651,Critical
226,495671,Critical
7129,313201,Critical
3638,824201,Critical
2769,393041,Critical
9775,822101,Critical
17121,695523,Critical
13847,582119,Critical
15320,502103,Critical
11901,635602,Critical
17133,678596,Critical
13944,363630,Critical
13645,743268,Critical
11903,635653,Critical
253,491993,Critical
11924,638451,Critical
17488,643216,Critical
7275,303338,Critical
17494,636010,Critical
9878,500045,Critical
17497,636404,Critical
11223,272150,Critical
9267,486001,Critical
7286,303120,Critical
11218,272131,Critical
17537,630566,Critical
17506,304503,Critical
8785,121010,Critical
17511,344025,Critical
257,491668,Critical
13656,700075,Critical
13651,731242,Critical
11210,272204,Critical
14091,501141,Critical
17535,623403,Critical
17141,678671,Critical
133,844505,Critical
17544,626612,Critical
17247,388130,Critical
7108,313334,Critical
3653,824303,Critical
3735,824232,Critical
17149,471411,Critical
7134,313203,Critical
9800,791111,Critical
13782,721131,Critical
7163,321607,Critical
3311,847233,Critical
11907,638673,Critical
3682,813222,Critical
17250,392012,Critical
3175,131029,Critical
3174,131103,Critical
7171,301408,Critical
7173,301409,Critical
212,495117,Critical
17257,582113,Critical
17263,585303,Critical
17268,584103,Critical
7107,313321,Critical
70,805126,Critical
136,844121,Critical
7083,304001,Critical
13848,582120,Critical
140,844123,Critical
11896,635853,Critical
3651,824123,Critical
3758,175129,Critical
3756,175141,Critical
7081,323021,Critical
3746,804402,Critical
17023,713305,Critical
17031,713201,Critical
17056,721503,Critical
13928,360055,Critical
9704,723131,Critical
3738,804407,Critical
9723,721134,Critical
7084,304023,Critical
3733,823003,Critical
11357,210128,Critical
13911,383440,Critical
13905,382855,Critical
17484,638456,Critical
7313,454441,Critical
9603,768218,Critical
3009,127027,Critical
17408,415211,Critical
7215,321202,Critical
7220,321403,Critical
3058,123303,Critical
3039,122414,Critical
7249,303325,Critical
3028,121106,Critical
7253,303504,Critical
7262,303602,Critical
17451,144417,Critical
3043,122107,Critical
13695,743165,Critical
17463,632518,Critical
9867,503306,Critical
11920,638703,Critical
17426,281305,Critical
17480,632011,Critical
17392,761116,Critical
3070,125111,Critical
3127,136130,Critical
17406,413133,Critical
7212,321205,Critical
17320,828304,Critical
4175,506224,Critical
9605,768233,Critical
16624,636701,Critical
4194,415019,Critical
4188,506319,Critical
8890,825301,Critical
6979,312603,Critical
4181,506352,Critical
16645,643214,Critical
6983,312206,Critical
4172,506252,Critical
11915,638106,Critical
14143,782448,Critical
14141,782482,Critical
11869,636503,Critical
6811,144214,Critical
2310,110077,Critical
11893,635752,Critical
17396,415414,Critical
13734,713208,Critical
7206,321406,Critical
3126,136130,Critical
8797,136042,Critical
11206,272192,Critical
17586,227412,Critical
2906,394445,Critical
17570,606105,Critical
11199,272201,Critical
17573,277506,Critical
10274,261001,Critical
2903,394410,Critical
2901,394421,Critical
7316,454221,Critical
286,497220,Critical
7337,483110,Critical
277,497226,Critical
2890,388270,Critical
7339,483119,Critical
7343,483330,Critical
11193,221716,Critical
2870,389130,Critical
2867,389140,Critical
17615,713385,Critical
2859,389172,Critical
7323,454335,Critical
11200,272193,Critical
2918,391168,Critical
17332,591111,Critical
3106,132039,Critical
17333,591110,Critical
1384,562132,Critical
7186,301709,Critical
7189,301427,Critical
8663,110078,Critical
17389,759145,Critical
13647,700129,Critical
13751,721449,Critical
3113,132024,Critical
13736,713322,Critical
11921,638703,Critical
3101,125075,Critical
9861,505304,Critical
13735,713321,Critical
3091,125078,Critical
3084,125051,Critical
15127,144041,Critical
3115,132046,Critical
8680,380024,Critical
7271,303006,Critical
5121,464651,Critical
2491,365450,Critical
15849,364003,Critical
12708,206255,Critical
18106,442901,Critical
2619,370427,Critical
333,493996,Critical
13463,621118,Critical
10030,782139,Critical
10117,811316,Critical
2334,385566,Critical
13319,638011,Critical
13315,641012,Critical
17799,110013,Critical
2602,362268,Critical
13242,632403,Critical
13313,641041,Critical
2322,382427,Critical
2604,362030,Critical
10141,495450,Critical
11133,275301,Critical
13472,613008,Critical
13300,606908,Critical
2306,110010,Critical
2305,110074,Critical
13477,620014,Critical
18135,431011,Critical
18132,413007,Critical
2275,493662,Critical
999,502257,Critical
998,502228,Critical
19241,580020,Critical
1717,533446,Critical
15126,144025,Critical
11092,247453,Critical
18109,440036,Critical
17782,800028,Critical
13478,620004,Critical
7624,416005,Critical
7423,457661,Critical
2259,847121,Critical
338,493196,Critical
2223,784175,Critical
8698,384290,Critical
2210,784167,Critical
7632,416234,Critical
17774,841225,Critical
2627,370450,Critical
7636,415730,Critical
13465,614401,Critical
2340,385421,Critical
325,493116,Critical
387,517192,Critical
2174,788831,Critical
18153,751025,Critical
10147,490020,Critical
362,516312,Critical
2648,370650,Critical
11136,221705,Critical
379,516321,Critical
13233,307019,Critical
13487,607204,Critical
9928,518145,Critical
2646,370610,Critical
13226,332026,Critical
2651,370655,Critical
2655,370625,Critical
18192,324004,Critical
384,517234,Critical
2585,362140,Critical
11059,244701,Critical
2349,385575,Critical
7450,465674,Critical
13235,307027,Critical
2643,370475,Critical
345,518112,Critical
12041,628901,Critical
393,517590,Critical
2662,370675,Critical
7683,416404,Critical
8717,388310,Critical
17733,524005,Critical
402,517641,Critical
406,517561,Critical
17730,522510,Critical
9913,515872,Critical
428,534244,Critical
2656,370601,Critical
8690,382041,Critical
12047,628952,Critical
8731,392215,Critical
13186,304804,Critical
12048,628952,Critical
13181,325202,Critical
7418,458226,Critical
13207,334003,Critical
2657,370601,Critical
12644,204213,Critical
10714,281307,Critical
10716,281206,Critical
1102,515751,Critical
1119,515767,Critical
8278,334022,Critical
12738,741181,Critical
1112,515765,Critical
1108,515415,Critical
10439,263137,Critical
1107,515415,Critical
1103,515751,Critical
19074,606202,Critical
8296,331506,Critical
1082,500078,Critical
1100,515445,Critical
10748,212503,Critical
8281,331411,Critical
8287,331302,Critical
12730,741165,Critical
12724,284201,Critical
8294,331505,Critical
10525,249192,Critical
1091,501106,Critical
12717,206126,Critical
12685,207241,Critical
1088,501158,Critical
19176,722183,Critical
8297,331506,Critical
10734,212208,Critical
19162,741159,Critical
19164,743193,Critical
1061,506005,Critical
10535,743235,Critical
8303,333023,Critical
1057,506317,Critical
12714,206253,Critical
19179,712135,Critical
8307,333514,Critical
1054,506166,Critical
1053,506222,Critical
10728,212206,Critical
1051,506006,Critical
1039,506324,Critical
1038,506332,Critical
12298,639205,Critical
12689,207242,Critical
12686,207301,Critical
19136,201020,Critical
12734,741126,Critical
1001,502246,Critical
12663,203150,Critical
955,505490,Critical
8310,333503,Critical
996,502321,Critical
19268,500108,Critical
1031,509228,Critical
10724,212106,Critical
8314,333028,Critical
8321,333701,Critical
12301,639206,Critical
12308,639102,Critical
927,503212,Critical
1017,508205,Critical
1014,508224,Critical
1011,508247,Critical
997,502321,Critical
12654,203402,Critical
1007,508246,Critical
12652,203002,Critical
1004,508204,Critical
12651,203001,Critical
19345,388545,Critical
930,503223,Critical
12586,607804,Critical
961,505472,Critical
1033,509410,Critical
12683,207401,Critical
12628,202135,Critical
12625,202141,Critical
10708,281403,Critical
12620,202170,Critical
8336,345031,Critical
962,505474,Critical
19305,800017,Critical
8338,345028,Critical
937,503310,Critical
956,505162,Critical
984,502285,Critical
12309,639105,Critical
12610,283124,Critical
12310,621307,Critical
12313,621308,Critical
8348,342023,Critical
12317,621314,Critical
12598,283123,Critical
2486,365220,Critical
2483,365435,Critical
11964,624702,Critical
2820,388590,Critical
7890,443203,Critical
7892,444301,Critical
2812,387130,Critical
7877,443401,Critical
13029,713147,Critical
1738,535463,Critical
1735,532148,Critical
1726,535102,Critical
1725,535578,Critical
2821,388550,Critical
18446,125101,Critical
10210,201206,Critical
10198,224164,Critical
18433,387360,Critical
18431,392240,Critical
577,507164,Critical
1780,533308,Critical
10983,262723,Critical
2781,391810,Critical
7360,450331,Critical
1747,532440,Critical
17641,571301,Critical
18432,387345,Critical
7381,451441,Critical
7847,444505,Critical
18352,700092,Critical
1848,531173,Critical
539,507117,Critical
13110,711413,Critical
1870,535204,Critical
18333,249403,Critical
13106,711411,Critical
10196,224161,Critical
13103,711401,Critical
1787,532456,Critical
321,493441,Critical
8662,110064,Critical
7387,451224,Critical
1852,535005,Critical
11943,641655,Critical
2750,394380,Critical
1861,535220,Critical
11949,641662,Critical
1799,532213,Critical
2805,392140,Critical
7325,454774,Critical
7841,444506,Critical
7397,458667,Critical
18256,625021,Critical
501,524412,Critical
2706,363320,Critical
10179,224227,Critical
2709,363440,Critical
12056,628907,Critical
2701,363421,Critical
17687,504301,Critical
17704,500086,Critical
2047,783127,Critical
18303,241127,Critical
7698,415301,Critical
12062,627855,Critical
18319,201313,Critical
18250,629167,Critical
2725,388210,Critical
323,493449,Critical
12064,627757,Critical
12057,627951,Critical
7402,458002,Critical
469,534467,Critical
11170,277202,Critical
2809,387620,Critical
510,524421,Critical
7354,483332,Critical
7866,444705,Critical
10969,241302,Critical
7870,444702,Critical
1758,533289,Critical
7859,444901,Critical
12068,627804,Critical
13414,628617,Critical
490,521214,Critical
7709,415310,Critical
18286,620026,Critical
2048,783128,Critical
18283,614201,Critical
17688,504303,Critical
463,534449,Critical
18310,208003,Critical
13519,222101,Critical
506,524343,Critical
493,521401,Critical
503,524414,Critical
1815,532404,Critical
7376,451115,Critical
7494,465333,Critical
17885,829122,Critical
17881,826010,Critical
13402,625521,Critical
17896,560110,Critical
17898,560061,Critical
11108,242401,Critical
11104,242305,Critical
9954,522006,Critical
2494,365460,Critical
7451,465685,Critical
2460,383270,Critical
2519,364270,Critical
13374,628906,Critical
2451,383220,Critical
12119,623115,Critical
9986,521457,Critical
9987,521457,Critical
9991,520001,Critical
13338,643212,Critical
11081,251316,Critical
8701,365455,Critical
17966,686020,Critical
17879,826003,Critical
13339,643253,Critical
2462,383120,Critical
2480,365440,Critical
2530,364140,Critical
13385,625701,Critical
11967,624705,Critical
8708,362275,Critical
2541,360410,Critical
2473,383434,Critical
2470,383235,Critical
8705,361004,Critical
2543,360050,Critical
7455,465667,Critical
17852,122010,Critical
2493,365535,Critical
17907,560021,Critical
2523,364275,Critical
11111,223221,Critical
17877,828106,Critical
7478,466651,Critical
7458,465669,Critical
13407,627651,Critical
9994,533239,Critical
13335,643219,Critical
18373,741158,Critical
7820,444126,Critical
11991,624708,Critical
2422,384266,Critical
7542,473865,Critical
11992,624219,Critical
17823,370230,Critical
2553,360380,Critical
18247,629180,Critical
13495,202132,Critical
10993,262728,Critical
7378,451551,Critical
7537,475686,Critical
573,507302,Critical
304,496661,Critical
1834,532218,Critical
1828,532242,Critical
8656,110022,Critical
17716,500100,Critical
1813,532402,Critical
1808,532407,Critical
13547,251307,Critical
2433,384151,Critical
13352,635601,Critical
13332,637215,Critical
2418,384355,Critical
13331,637001,Critical
17810,380028,Critical
13327,635101,Critical
2570,361160,Critical
7425,457887,Critical
7562,475673,Critical
2574,361013,Critical
2375,382007,Critical
457,534448,Critical
17821,361008,Critical
13437,639116,Critical
17844,390016,Critical
17841,390013,Critical
7513,456665,Critical
2548,360330,Critical
7523,473105,Critical
7527,473287,Critical
2440,383325,Critical
7536,473665,Critical
2567,361320,Critical
12702,206122,Critical
19346,388239,Critical
15855,370160,Critical
19350,390006,Critical
1434,591130,Critical
8205,322215,Critical
1289,816102,Critical
1197,515511,Critical
18995,416144,Critical
1195,515521,Critical
1192,516213,Critical
12280,608703,Critical
1168,516228,Critical
1166,517401,Critical
1165,517423,Critical
10325,228161,Critical
12761,741201,Critical
1199,515501,Critical
1155,517417,Critical
1148,517408,Critical
8260,344037,Critical
12759,741202,Critical
1140,517130,Critical
10775,222146,Critical
1134,515812,Critical
1410,587316,Critical
1392,587115,Critical
8145,413132,Critical
1411,587330,Critical
8147,412311,Critical
12214,628201,Critical
18794,605008,Critical
1432,591114,Critical
1420,590005,Critical
10877,221304,Critical
8108,412410,Critical
8111,413130,Critical
12220,628203,Critical
18809,641043,Critical
10856,232104,Critical
10289,261402,Critical
18815,502325,Critical
18819,500096,Critical
12232,628302,Critical
18826,500065,Critical
1404,587113,Critical
18829,500053,Critical
1402,587207,Critical
8144,412403,Critical
8540,335064,Critical
1130,515455,Critical
8532,335063,Critical
8625,110096,Critical
1211,515301,Critical
10316,222302,Critical
18956,695575,Critical
10434,244715,Critical
12207,628613,Critical
1441,583112,Critical
1605,585302,Critical
12955,713359,Critical
12145,630709,Critical
1595,591227,Critical
18979,462011,Critical
1592,591221,Critical
12154,630555,Critical
18578,636812,Critical
12157,630562,Critical
10941,243751,Critical
18546,182222,Critical
18585,304803,Critical
1583,583232,Critical
7966,441901,Critical
8252,344502,Critical
1219,523334,Critical
12750,741121,Critical
8235,322027,Critical
1154,517370,Critical
1320,833102,Critical
8544,335707,Critical
1207,515212,Critical
8228,322702,Critical
1279,815354,Critical
10821,231226,Critical
10303,227806,Critical
10816,231217,Critical
8239,344011,Critical
12773,743345,Critical
1257,835202,Critical
1256,835233,Critical
18951,695034,Critical
1204,515341,Critical
1251,835220,Critical
1240,518124,Critical
1232,523328,Critical
8545,335901,Critical
10804,231207,Critical
18841,500085,Critical
10297,261207,Critical
8187,415105,Critical
17811,380050,Critical
16014,585292,Critical
4869,481996,Critical
11586,604401,Critical
6658,143103,Critical
9444,441104,Critical
9473,413105,Critical
17197,530012,Critical
17244,370615,Critical
4824,673528,Critical
17822,362520,Critical
4886,462036,Critical
17843,391750,Critical
4776,678101,Critical
4771,678631,Critical
4769,678003,Critical
9493,431009,Critical
6663,143107,Critical
4899,488059,Critical
6620,141411,Critical
15985,560097,Critical
6626,140602,Critical
4891,464993,Critical
9440,440016,Critical
15890,121008,Critical
6406,761002,Critical
11786,643213,Critical
14862,415540,Critical
14982,140506,Critical
15867,387370,Critical
5103,486669,Critical
6429,761210,Critical
15367,752055,Critical
5071,470339,Critical
15896,122012,Critical
14587,685507,Critical
6469,764077,Critical
14651,691309,Critical
6470,764077,Critical
11608,606802,Critical
11188,221712,Critical
8474,332411,Critical
6581,142030,Critical
16033,570027,Critical
6621,141411,Critical
14619,686146,Critical
6583,142022,Critical
8559,632505,Critical
8154,412104,Critical
18847,523316,Critical
18852,522503,Critical
8169,412305,Critical
8171,412312,Critical
8174,412214,Critical
8179,415112,Critical
8181,415103,Critical
1361,562108,Critical
8185,415509,Critical
12809,743368,Critical
1533,591237,Critical
12252,626121,Critical
10291,261151,Critical
8190,415206,Critical
18891,800019,Critical
1344,832111,Critical
1338,832404,Critical
18896,497446,Critical
18897,496109,Critical
1337,832401,Critical
12237,628104,Critical
17385,752092,Critical
15981,560107,Critical
6600,141112,Critical
4946,460443,Critical
11602,606701,Critical
15986,560022,Critical
15987,560104,Critical
4945,460663,Critical
8993,585318,Critical
16000,587156,Critical
4935,472336,Critical
6597,141116,Critical
16008,586101,Critical
2828,388180,Critical
4930,472331,Critical
4928,472115,Critical
6607,147203,Critical
4923,472010,Critical
8973,591215,Critical
6611,147004,Critical
6614,147201,Critical
4904,488333,Critical
11605,606808,Critical
12164,625530,Critical
18604,642130,Critical
12166,625602,Critical
19413,560053,Critical
896,508284,Critical
10694,205119,Critical
863,509371,Critical
10693,205267,Critical
888,502279,Critical
19401,829135,Critical
19406,831013,Critical
886,502375,Critical
12558,605702,Critical
19421,563160,Critical
10586,731240,Critical
883,502108,Critical
876,502109,Critical
10597,731302,Critical
12559,606208,Critical
12322,613703,Critical
803,531055,Critical
8404,341504,Critical
728,534146,Critical
19613,629810,Critical
8510,307026,Critical
12563,606402,Critical
720,534111,Critical
820,502295,Critical
8359,342037,Critical
19478,695042,Critical
12525,621651,Critical
19492,678704,Critical
8481,332707,Critical
828,505462,Critical
12521,612901,Critical
824,505455,Critical
10658,285201,Critical
814,505303,Critical
19368,132035,Critical
8398,341021,Critical
12528,608901,Critical
8399,341021,Critical
8506,343021,Critical
10688,205263,Critical
12571,605801,Critical
12570,606209,Critical
8353,342605,Critical
19367,125056,Critical
10613,742406,Critical
719,534111,Critical
12542,621806,Critical
12467,621205,Critical
8411,341510,Critical
8412,341031,Critical
8475,332601,Critical
12471,621014,Critical
8414,341513,Critical
10609,700157,Critical
8432,306503,Critical
635,524346,Critical
19576,141011,Critical
12464,621215,Critical
631,524315,Critical
8419,306021,Critical
19590,632406,Critical
10648,742237,Critical
10647,742237,Critical
736,505330,Critical
733,505460,Critical
12390,614626,Critical
636,524305,Critical
1121,515822,Critical
12385,614903,Critical
789,531081,Critical
8435,306308,Critical
12423,622515,Critical
12443,621104,Critical
8442,306304,Critical
19655,700008,Critical
702,523261,Critical
19609,643243,Critical
699,523211,Critical
696,523303,Critical
12428,622004,Critical
19663,741221,Critical
12422,622504,Critical
790,531081,Critical
8444,306708,Critical
8447,306902,Critical
12412,622201,Critical
658,523114,Critical
12410,622101,Critical
12435,614618,Critical
12506,613501,Critical
19607,641039,Critical
729,506015,Critical
12535,621713,Critical
835,505528,Critical
1580,583283,Critical
7997,442301,Critical
12981,722142,Critical
1647,581102,Critical
10943,243634,Critical
12136,623407,Critical
12972,722205,Critical
1625,585287,Critical
18514,412304,Critical
8092,413308,Critical
10213,245101,Critical
18712,560015,Critical
12135,623529,Critical
1477,586202,Critical
10900,243003,Critical
10266,229405,Critical
12186,627426,Critical
8047,413201,Critical
12193,627152,Critical
1470,583222,Critical
18738,572142,Critical
1465,583219,Critical
12986,722206,Critical
18517,415517,Critical
1463,583218,Critical
10211,245304,Critical
7994,442201,Critical
18618,627103,Critical
1578,583281,Critical
18620,380052,Critical
8615,492101,Critical
1574,583237,Critical
1608,585103,Critical
18541,192126,Critical
13021,713427,Critical
12123,623402,Critical
1655,581112,Critical
10951,243638,Critical
12124,623516,Critical
13010,713141,Critical
585,522616,Critical
13007,713128,Critical
12129,623537,Critical
596,522529,Critical
12970,722134,Critical
12130,623525,Critical
8040,414002,Critical
18753,769008,Critical
8372,342022,Critical
1512,591212,Critical
1528,591222,Critical
8034,445215,Critical
10258,229801,Critical
1524,591263,Critical
8035,445308,Critical
10260,229402,Critical
10262,229124,Critical
18680,181205,Critical
1521,591211,Critical
8032,445106,Critical
1494,586121,Critical
1714,503321,Critical
10438,263132,Critical
1120,515465,Critical
8366,342606,Critical
8496,307030,Critical
8371,342021,Critical
843,505451,Critical
8487,332718,Critical
8483,332710,Critical
8025,445102,Critical
8012,445203,Critical
8080,413202,Critical
10218,201204,Critical
18757,760006,Critical
12202,627201,Critical
10887,221202,Critical
18771,305006,Critical
18774,323601,Critical
1449,583120,Critical
18782,631006,Critical
1447,583119,Critical
10284,261405,Critical
18703,560051,Critical
1543,580009,Critical
1495,586121,Critical
8613,492015,Critical
1561,582102,Critical
1559,582112,Critical
8612,493526,Critical
1546,581204,Critical
1544,580114,Critical
18642,387220,Critical
8004,442102,Critical
8457,332318,Critical
